originale,rinominato
<<<<<<< HEAD
=======
/var/www/html/marta/file/foto/TA16M325_329109_B_Inv50618_ 9.jpg,/var/www/html/marta/file/foto/TA16M325_329109_B_Inv50618_9.jpg
/var/www/html/marta/file/foto/TA16M325_329415_B_Inv51327_ 1.jpg,/var/www/html/marta/file/foto/TA16M325_329415_B_Inv51327_1.jpg
/var/www/html/marta/file/foto/TA16M325_328692_B_Inv50710D_ 4.jpg,/var/www/html/marta/file/foto/TA16M325_328692_B_Inv50710D_4.jpg
/var/www/html/marta/file/foto/TA16M325_328638_A_Inv50709A_ 26.jpg,/var/www/html/marta/file/foto/TA16M325_328638_A_Inv50709A_26.jpg
/var/www/html/marta/file/foto/TA16M325_329439_B_Inv51327_ 25.jpg,/var/www/html/marta/file/foto/TA16M325_329439_B_Inv51327_25.jpg
/var/www/html/marta/file/foto/TA16M325_328615_A_Inv50709A_ 3.jpg,/var/www/html/marta/file/foto/TA16M325_328615_A_Inv50709A_3.jpg
/var/www/html/marta/file/foto/TA16M325_328662_A_Inv50709A_ 50.jpg,/var/www/html/marta/file/foto/TA16M325_328662_A_Inv50709A_50.jpg
/var/www/html/marta/file/foto/TA16M325_328616_B_Inv50709A_ 4.jpg,/var/www/html/marta/file/foto/TA16M325_328616_B_Inv50709A_4.jpg
/var/www/html/marta/file/foto/TA16M325_328537_A_Inv50674A_ 1.jpg,/var/www/html/marta/file/foto/TA16M325_328537_A_Inv50674A_1.jpg
/var/www/html/marta/file/foto/TA16M325_329428_B_Inv51327_ 14.JPG,/var/www/html/marta/file/foto/TA16M325_329428_B_Inv51327_14.JPG
/var/www/html/marta/file/foto/TA16M325_329446_A_Inv51327_ 32.jpg,/var/www/html/marta/file/foto/TA16M325_329446_A_Inv51327_32.jpg
/var/www/html/marta/file/foto/TA16M325_328541_B_Inv50674A_ 5.jpg,/var/www/html/marta/file/foto/TA16M325_328541_B_Inv50674A_5.jpg
/var/www/html/marta/file/foto/TA16M325_328680_A_Inv50709B_ 2.jpg,/var/www/html/marta/file/foto/TA16M325_328680_A_Inv50709B_2.jpg
/var/www/html/marta/file/foto/TA16M325_329469_B_Inv51327_ 55.JPG,/var/www/html/marta/file/foto/TA16M325_329469_B_Inv51327_55.JPG
/var/www/html/marta/file/foto/TA16M325_359974_B_InvSN15_14 copia.jpg,/var/www/html/marta/file/foto/TA16M325_359974_B_InvSN15_14_copia.jpg
/var/www/html/marta/file/foto/TA16M325_328718_A_Inv50710D_ 30.jpg,/var/www/html/marta/file/foto/TA16M325_328718_A_Inv50710D_30.jpg
/var/www/html/marta/file/foto/TA16M325_328715_A_Inv50710D_ 27.jpg,/var/www/html/marta/file/foto/TA16M325_328715_A_Inv50710D_27.jpg
/var/www/html/marta/file/foto/TA16M325_328570_B_Inv50691C_ 1.jpg,/var/www/html/marta/file/foto/TA16M325_328570_B_Inv50691C_1.jpg
/var/www/html/marta/file/foto/TA16M325_328623_B_Inv50709A_ 11.jpg,/var/www/html/marta/file/foto/TA16M325_328623_B_Inv50709A_11.jpg
/var/www/html/marta/file/foto/TA16M325_328744_A_Inv50765E_ 2.jpg,/var/www/html/marta/file/foto/TA16M325_328744_A_Inv50765E_2.jpg
/var/www/html/marta/file/foto/TA16M325_329444_B_Inv51327_ 30.jpg,/var/www/html/marta/file/foto/TA16M325_329444_B_Inv51327_30.jpg
/var/www/html/marta/file/foto/TA16M325_328647_A_Inv50709A_ 35.jpg,/var/www/html/marta/file/foto/TA16M325_328647_A_Inv50709A_35.jpg
/var/www/html/marta/file/foto/TA16M325_329435_A_Inv51327_ 21.JPG,/var/www/html/marta/file/foto/TA16M325_329435_A_Inv51327_21.JPG
/var/www/html/marta/file/foto/TA16M325_329464_B_Inv51327_ 50.jpg,/var/www/html/marta/file/foto/TA16M325_329464_B_Inv51327_50.jpg
/var/www/html/marta/file/foto/TA16M325_328713_A_Inv50710D_ 25.jpg,/var/www/html/marta/file/foto/TA16M325_328713_A_Inv50710D_25.jpg
/var/www/html/marta/file/foto/TA16M325_329467_A_Inv51327_ 53.JPG,/var/www/html/marta/file/foto/TA16M325_329467_A_Inv51327_53.JPG
/var/www/html/marta/file/foto/TA16M325_325380_A_Inv32251 1 .jpg,/var/www/html/marta/file/foto/TA16M325_325380_A_Inv32251_1_.jpg
/var/www/html/marta/file/foto/TA16M325_328615_B_Inv50709A_ 3.jpg,/var/www/html/marta/file/foto/TA16M325_328615_B_Inv50709A_3.jpg
/var/www/html/marta/file/foto/TA16M325_328648_A_Inv50709A_ 36.jpg,/var/www/html/marta/file/foto/TA16M325_328648_A_Inv50709A_36.jpg
/var/www/html/marta/file/foto/TA16M325_328748_A_Inv50765G_ 1.jpg,/var/www/html/marta/file/foto/TA16M325_328748_A_Inv50765G_1.jpg
/var/www/html/marta/file/foto/TA16M325_334292_A_ Inv113837.jpg,/var/www/html/marta/file/foto/TA16M325_334292_A_Inv113837.jpg
/var/www/html/marta/file/foto/TA16M325_326240_A_Inv42071 1.jpg,/var/www/html/marta/file/foto/TA16M325_326240_A_Inv42071_1.jpg
/var/www/html/marta/file/foto/TA16M325_349088_D_SN_2 ANGOLO SUD OVEST.jpg,/var/www/html/marta/file/foto/TA16M325_349088_D_SN_2_ANGOLO_SUD_OVEST.jpg
/var/www/html/marta/file/foto/TA16M325_329441_A_Inv51327_ 27.JPG,/var/www/html/marta/file/foto/TA16M325_329441_A_Inv51327_27.JPG
/var/www/html/marta/file/foto/TA16M325_328876_B_Inv51961_ 2.jpg,/var/www/html/marta/file/foto/TA16M325_328876_B_Inv51961_2.jpg
/var/www/html/marta/file/foto/TA16M325_328633_A_Inv50709A_ 21.jpg,/var/www/html/marta/file/foto/TA16M325_328633_A_Inv50709A_21.jpg
/var/www/html/marta/file/foto/TA16M325_329453_B_Inv51327_ 39.JPG,/var/www/html/marta/file/foto/TA16M325_329453_B_Inv51327_39.JPG
/var/www/html/marta/file/foto/TA16M325_328538_A_Inv50674A_ 2.jpg,/var/www/html/marta/file/foto/TA16M325_328538_A_Inv50674A_2.jpg
/var/www/html/marta/file/foto/TA16M325_334291_B_ Inv113836.jpg,/var/www/html/marta/file/foto/TA16M325_334291_B_Inv113836.jpg
/var/www/html/marta/file/foto/TA16M325_329456_A_Inv51327_ 42.JPG,/var/www/html/marta/file/foto/TA16M325_329456_A_Inv51327_42.JPG
/var/www/html/marta/file/foto/TA16M325_329454_B_Inv51327_ 40.JPG,/var/www/html/marta/file/foto/TA16M325_329454_B_Inv51327_40.JPG
/var/www/html/marta/file/foto/TA16M325_329443_A_Inv51327_ 29.JPG,/var/www/html/marta/file/foto/TA16M325_329443_A_Inv51327_29.JPG
/var/www/html/marta/file/foto/TA16M325_328572_A_Inv50691C_ 3.jpg,/var/www/html/marta/file/foto/TA16M325_328572_A_Inv50691C_3.jpg
/var/www/html/marta/file/foto/TA16M325_328716_A_Inv50710D_ 28.jpg,/var/www/html/marta/file/foto/TA16M325_328716_A_Inv50710D_28.jpg
/var/www/html/marta/file/foto/TA16M325_329444_A_Inv51327_ 30.jpg,/var/www/html/marta/file/foto/TA16M325_329444_A_Inv51327_30.jpg
/var/www/html/marta/file/foto/TA16M325_328542_A_Inv50674A_ 6.jpg,/var/www/html/marta/file/foto/TA16M325_328542_A_Inv50674A_6.jpg
/var/www/html/marta/file/foto/TA16M325_328626_A_Inv50709A_ 14.jpg,/var/www/html/marta/file/foto/TA16M325_328626_A_Inv50709A_14.jpg
/var/www/html/marta/file/foto/TA16M325_329423_A_Inv51327_ 9.JPG,/var/www/html/marta/file/foto/TA16M325_329423_A_Inv51327_9.JPG
/var/www/html/marta/file/foto/TA16M325_328635_A_Inv50709A_ 23.jpg,/var/www/html/marta/file/foto/TA16M325_328635_A_Inv50709A_23.jpg
/var/www/html/marta/file/foto/TA16M325_329463_B_Inv51327_ 49.jpg,/var/www/html/marta/file/foto/TA16M325_329463_B_Inv51327_49.jpg
/var/www/html/marta/file/foto/TA16M325_328678_B_Inv50709A_ 66.jpg,/var/www/html/marta/file/foto/TA16M325_328678_B_Inv50709A_66.jpg
/var/www/html/marta/file/foto/TA16M325_329449_B_Inv51327_ 35.JPG,/var/www/html/marta/file/foto/TA16M325_329449_B_Inv51327_35.JPG
/var/www/html/marta/file/foto/TA16M325_329443_B_Inv51327_ 29.JPG,/var/www/html/marta/file/foto/TA16M325_329443_B_Inv51327_29.JPG
/var/www/html/marta/file/foto/TA16M325_328637_A_Inv50709A_ 25.jpg,/var/www/html/marta/file/foto/TA16M325_328637_A_Inv50709A_25.jpg
/var/www/html/marta/file/foto/TA16M325_326243_A_Inv42027 2.jpg,/var/www/html/marta/file/foto/TA16M325_326243_A_Inv42027_2.jpg
/var/www/html/marta/file/foto/TA16M325_329438_A_Inv51327_ 24.jpg,/var/www/html/marta/file/foto/TA16M325_329438_A_Inv51327_24.jpg
/var/www/html/marta/file/foto/TA16M325_328705_B_Inv50710D_ 17.jpg,/var/www/html/marta/file/foto/TA16M325_328705_B_Inv50710D_17.jpg
/var/www/html/marta/file/foto/TA16M325_328745_A_Inv50765E_ 3.jpg,/var/www/html/marta/file/foto/TA16M325_328745_A_Inv50765E_3.jpg
/var/www/html/marta/file/foto/TA16M325_329438_B_Inv51327_ 24.jpg,/var/www/html/marta/file/foto/TA16M325_329438_B_Inv51327_24.jpg
/var/www/html/marta/file/foto/TA16M325_329442_B_Inv51327_ 28.jpg,/var/www/html/marta/file/foto/TA16M325_329442_B_Inv51327_28.jpg
/var/www/html/marta/file/foto/TA16M325_328540_A_Inv50674A_ 4.jpg,/var/www/html/marta/file/foto/TA16M325_328540_A_Inv50674A_4.jpg
/var/www/html/marta/file/foto/TA16M325_328690_B_Inv50710D_ 2.jpg,/var/www/html/marta/file/foto/TA16M325_328690_B_Inv50710D_2.jpg
/var/www/html/marta/file/foto/TA16M325_326200_A_Inv42027 1.jpg,/var/www/html/marta/file/foto/TA16M325_326200_A_Inv42027_1.jpg
/var/www/html/marta/file/foto/TA16M325_328650_A_Inv50709A_ 38.jpg,/var/www/html/marta/file/foto/TA16M325_328650_A_Inv50709A_38.jpg
/var/www/html/marta/file/foto/TA16M325_329424_B_Inv51327_ 10.JPG,/var/www/html/marta/file/foto/TA16M325_329424_B_Inv51327_10.JPG
/var/www/html/marta/file/foto/TA16M325_329101_A_Inv50618_ 1.jpg,/var/www/html/marta/file/foto/TA16M325_329101_A_Inv50618_1.jpg
/var/www/html/marta/file/foto/TA16M325_329455_B_Inv51327_ 41.jpg,/var/www/html/marta/file/foto/TA16M325_329455_B_Inv51327_41.jpg
/var/www/html/marta/file/foto/TA16M325_328570_A_Inv50691C_ 1.jpg,/var/www/html/marta/file/foto/TA16M325_328570_A_Inv50691C_1.jpg
/var/www/html/marta/file/foto/TA16M325_329427_A_Inv51327_ 13.jpg,/var/www/html/marta/file/foto/TA16M325_329427_A_Inv51327_13.jpg
/var/www/html/marta/file/foto/TA16M325_329423_B_Inv51327_ 9.JPG,/var/www/html/marta/file/foto/TA16M325_329423_B_Inv51327_9.JPG
/var/www/html/marta/file/foto/TA16M325_329415_A_Inv51327_ 1.jpg,/var/www/html/marta/file/foto/TA16M325_329415_A_Inv51327_1.jpg
/var/www/html/marta/file/foto/TA16M325_328721_B_Inv50710D_ 33.jpg,/var/www/html/marta/file/foto/TA16M325_328721_B_Inv50710D_33.jpg
/var/www/html/marta/file/foto/TA16M325_328679_B_Inv50709B_ 1.jpg,/var/www/html/marta/file/foto/TA16M325_328679_B_Inv50709B_1.jpg
/var/www/html/marta/file/foto/TA16M325_329440_B_Inv51327_ 26.jpg,/var/www/html/marta/file/foto/TA16M325_329440_B_Inv51327_26.jpg
/var/www/html/marta/file/foto/TA16M325_329426_B_Inv51327_ 12.JPG,/var/www/html/marta/file/foto/TA16M325_329426_B_Inv51327_12.JPG
/var/www/html/marta/file/foto/TA16M325_329459_B_Inv51327_ 45.jpg,/var/www/html/marta/file/foto/TA16M325_329459_B_Inv51327_45.jpg
/var/www/html/marta/file/foto/TA16M325_329468_A_Inv51327_ 54.jpg,/var/www/html/marta/file/foto/TA16M325_329468_A_Inv51327_54.jpg
/var/www/html/marta/file/foto/TA16M325_328669_B_Inv50709 _57.jpg,/var/www/html/marta/file/foto/TA16M325_328669_B_Inv50709_57.jpg
/var/www/html/marta/file/foto/TA16M325_328614_A_Inv50709A_ 2.jpg,/var/www/html/marta/file/foto/TA16M325_328614_A_Inv50709A_2.jpg
/var/www/html/marta/file/foto/TA16M325_328629_B_Inv50709A_ 17.jpg,/var/www/html/marta/file/foto/TA16M325_328629_B_Inv50709A_17.jpg
/var/www/html/marta/file/foto/TA16M325_329441_A_Inv51327_ 27.jpg,/var/www/html/marta/file/foto/TA16M325_329441_A_Inv51327_27.jpg
/var/www/html/marta/file/foto/TA16M325_328656_B_Inv50709A_ 44.jpg,/var/www/html/marta/file/foto/TA16M325_328656_B_Inv50709A_44.jpg
/var/www/html/marta/file/foto/TA16M325_359976_A_InvSN15_16 copia.jpg,/var/www/html/marta/file/foto/TA16M325_359976_A_InvSN15_16_copia.jpg
/var/www/html/marta/file/foto/TA16M325_349088_D_InvSN_2 ANGOLO SUD OVEST.jpg,/var/www/html/marta/file/foto/TA16M325_349088_D_InvSN_2_ANGOLO_SUD_OVEST.jpg
/var/www/html/marta/file/foto/TA16M325_328666_A_Inv50709A_ 54.jpg,/var/www/html/marta/file/foto/TA16M325_328666_A_Inv50709A_54.jpg
/var/www/html/marta/file/foto/TA16M325_329104_B_Inv50618_ 4.jpg,/var/www/html/marta/file/foto/TA16M325_329104_B_Inv50618_4.jpg
/var/www/html/marta/file/foto/TA16M325_328637_B_Inv50709A_ 25.jpg,/var/www/html/marta/file/foto/TA16M325_328637_B_Inv50709A_25.jpg
/var/www/html/marta/file/foto/TA16M325_328661_B_Inv50709A_ 49.jpg,/var/www/html/marta/file/foto/TA16M325_328661_B_Inv50709A_49.jpg
/var/www/html/marta/file/foto/TA16M325_361788_B_Inv3421 .jpg,/var/www/html/marta/file/foto/TA16M325_361788_B_Inv3421_.jpg
/var/www/html/marta/file/foto/TA16M325_359954_A_InvSN22_16 copia.jpg,/var/www/html/marta/file/foto/TA16M325_359954_A_InvSN22_16_copia.jpg
/var/www/html/marta/file/foto/TA16M325_329102_A_Inv50618_ 2.jpg,/var/www/html/marta/file/foto/TA16M325_329102_A_Inv50618_2.jpg
/var/www/html/marta/file/foto/TA16M325_329463_A_Inv51327_ 49.JPG,/var/www/html/marta/file/foto/TA16M325_329463_A_Inv51327_49.JPG
/var/www/html/marta/file/foto/TA16M325_329453_A_Inv51327_ 39.JPG,/var/www/html/marta/file/foto/TA16M325_329453_A_Inv51327_39.JPG
/var/www/html/marta/file/foto/TA16M325_328634_B_Inv50709A_ 22.jpg,/var/www/html/marta/file/foto/TA16M325_328634_B_Inv50709A_22.jpg
/var/www/html/marta/file/foto/TA16M325_349080_B_ Inv33598.jpg,/var/www/html/marta/file/foto/TA16M325_349080_B_Inv33598.jpg
/var/www/html/marta/file/foto/TA16M325_328572_B_Inv50691C_ 3.jpg,/var/www/html/marta/file/foto/TA16M325_328572_B_Inv50691C_3.jpg
/var/www/html/marta/file/foto/TA16M325_359967_B_InvSN15_07 copia.jpg,/var/www/html/marta/file/foto/TA16M325_359967_B_InvSN15_07_copia.jpg
/var/www/html/marta/file/foto/TA16M325_334295_A_ Inv113840.jpg,/var/www/html/marta/file/foto/TA16M325_334295_A_Inv113840.jpg
/var/www/html/marta/file/foto/TA16M325_328619_A_Inv50709A_ 7.jpg,/var/www/html/marta/file/foto/TA16M325_328619_A_Inv50709A_7.jpg
/var/www/html/marta/file/foto/TA16M325_329422_A_Inv51327_ 8.JPG,/var/www/html/marta/file/foto/TA16M325_329422_A_Inv51327_8.JPG
/var/www/html/marta/file/foto/TA16M325_329465_B_Inv51327_ 51.jpg,/var/www/html/marta/file/foto/TA16M325_329465_B_Inv51327_51.jpg
/var/www/html/marta/file/foto/TA16M325_334253_C_ Inv33598.jpg,/var/www/html/marta/file/foto/TA16M325_334253_C_Inv33598.jpg
/var/www/html/marta/file/foto/TA16M325_329434_B_Inv51327_ 20.JPG,/var/www/html/marta/file/foto/TA16M325_329434_B_Inv51327_20.JPG
/var/www/html/marta/file/foto/TA16M325_329426_B_Inv51327_ 12.jpg,/var/www/html/marta/file/foto/TA16M325_329426_B_Inv51327_12.jpg
/var/www/html/marta/file/foto/TA16M325_329415_B_Inv51327_ 1.JPG,/var/www/html/marta/file/foto/TA16M325_329415_B_Inv51327_1.JPG
/var/www/html/marta/file/foto/TA16M325_328644_B_Inv50709A_ 32.jpg,/var/www/html/marta/file/foto/TA16M325_328644_B_Inv50709A_32.jpg
/var/www/html/marta/file/foto/TA16M325_325479_A_Inv32153 2.jpg,/var/www/html/marta/file/foto/TA16M325_325479_A_Inv32153_2.jpg
/var/www/html/marta/file/foto/TA16M325_329423_A_Inv51327_ 9.jpg,/var/www/html/marta/file/foto/TA16M325_329423_A_Inv51327_9.jpg
/var/www/html/marta/file/foto/TA16M325_325553_B_Inv29085 C.jpg,/var/www/html/marta/file/foto/TA16M325_325553_B_Inv29085_C.jpg
/var/www/html/marta/file/foto/TA16M325_328746_A_Inv50765E_ 4.jpg,/var/www/html/marta/file/foto/TA16M325_328746_A_Inv50765E_4.jpg
/var/www/html/marta/file/foto/TA16M325_334289_A_ Inv113769.jpg,/var/www/html/marta/file/foto/TA16M325_334289_A_Inv113769.jpg
/var/www/html/marta/file/foto/TA16M325_329429_B_Inv51327_ 15.jpg,/var/www/html/marta/file/foto/TA16M325_329429_B_Inv51327_15.jpg
/var/www/html/marta/file/foto/TA16M325_328749_A_Inv50765G_ 2.jpg,/var/www/html/marta/file/foto/TA16M325_328749_A_Inv50765G_2.jpg
/var/www/html/marta/file/foto/TA16M325_329447_B_Inv51327_ 33.jpg,/var/www/html/marta/file/foto/TA16M325_329447_B_Inv51327_33.jpg
/var/www/html/marta/file/foto/TA16M325_334286_A_ Inv6150.jpg,/var/www/html/marta/file/foto/TA16M325_334286_A_Inv6150.jpg
/var/www/html/marta/file/foto/TA16M325_329457_A_Inv51327_ 43.jpg,/var/www/html/marta/file/foto/TA16M325_329457_A_Inv51327_43.jpg
/var/www/html/marta/file/foto/TA16M325_329466_B_Inv51327_ 5.jpg,/var/www/html/marta/file/foto/TA16M325_329466_B_Inv51327_5.jpg
/var/www/html/marta/file/foto/TA16M325_328646_B_Inv50709A_ 34.jpg,/var/www/html/marta/file/foto/TA16M325_328646_B_Inv50709A_34.jpg
/var/www/html/marta/file/foto/TA16M325_329431_A_Inv51327_ 17.JPG,/var/www/html/marta/file/foto/TA16M325_329431_A_Inv51327_17.JPG
/var/www/html/marta/file/foto/TA16M325_328722_B_Inv50710D_ 34.jpg,/var/www/html/marta/file/foto/TA16M325_328722_B_Inv50710D_34.jpg
/var/www/html/marta/file/foto/TA16M325_328676_A_Inv50709A_ 64.jpg,/var/www/html/marta/file/foto/TA16M325_328676_A_Inv50709A_64.jpg
/var/www/html/marta/file/foto/TA16M325_329441_B_Inv51327_ 27.JPG,/var/www/html/marta/file/foto/TA16M325_329441_B_Inv51327_27.JPG
/var/www/html/marta/file/foto/TA16M325_329445_B_Inv51327_ 31.jpg,/var/www/html/marta/file/foto/TA16M325_329445_B_Inv51327_31.jpg
/var/www/html/marta/file/foto/TA16M325_329466_A_Inv51327_ 52.jpg,/var/www/html/marta/file/foto/TA16M325_329466_A_Inv51327_52.jpg
/var/www/html/marta/file/foto/TA16M325_328639_B_Inv50709A_ 27.jpg,/var/www/html/marta/file/foto/TA16M325_328639_B_Inv50709A_27.jpg
/var/www/html/marta/file/foto/TA16M325_329431_A_Inv51327_ 17.jpg,/var/www/html/marta/file/foto/TA16M325_329431_A_Inv51327_17.jpg
/var/www/html/marta/file/foto/TA16M325_328613_B_Inv50709A_ 1.jpg,/var/www/html/marta/file/foto/TA16M325_328613_B_Inv50709A_1.jpg
/var/www/html/marta/file/foto/TA16M325_328665_B_Inv50709A_ 53.jpg,/var/www/html/marta/file/foto/TA16M325_328665_B_Inv50709A_53.jpg
/var/www/html/marta/file/foto/TA16M325_334288_A_ Inv113768.jpg,/var/www/html/marta/file/foto/TA16M325_334288_A_Inv113768.jpg
/var/www/html/marta/file/foto/TA16M325_328743_B_Inv50765E_ 1.jpg,/var/www/html/marta/file/foto/TA16M325_328743_B_Inv50765E_1.jpg
/var/www/html/marta/file/foto/TA16M325_328667_A_Inv50709A_ 55.jpg,/var/www/html/marta/file/foto/TA16M325_328667_A_Inv50709A_55.jpg
/var/www/html/marta/file/foto/TA16M325_329444_B_Inv51327_ 30.JPG,/var/www/html/marta/file/foto/TA16M325_329444_B_Inv51327_30.JPG
/var/www/html/marta/file/foto/TA16M325_329449_A_Inv51327_ 35.JPG,/var/www/html/marta/file/foto/TA16M325_329449_A_Inv51327_35.JPG
/var/www/html/marta/file/foto/TA16M325_328647_B_Inv50709A_ 35.jpg,/var/www/html/marta/file/foto/TA16M325_328647_B_Inv50709A_35.jpg
/var/www/html/marta/file/foto/TA16M325_328658_B_Inv50709A_ 46.jpg,/var/www/html/marta/file/foto/TA16M325_328658_B_Inv50709A_46.jpg
/var/www/html/marta/file/foto/TA16M325_329458_B_Inv51327_ 44.JPG,/var/www/html/marta/file/foto/TA16M325_329458_B_Inv51327_44.JPG
/var/www/html/marta/file/foto/TA16M325_329418_A_Inv51327_ 4.JPG,/var/www/html/marta/file/foto/TA16M325_329418_A_Inv51327_4.JPG
/var/www/html/marta/file/foto/TA16M325_328642_B_Inv50709A_ 30.jpg,/var/www/html/marta/file/foto/TA16M325_328642_B_Inv50709A_30.jpg
/var/www/html/marta/file/foto/TA16M325_329436_B_Inv51327_ 22.JPG,/var/www/html/marta/file/foto/TA16M325_329436_B_Inv51327_22.JPG
/var/www/html/marta/file/foto/TA16M325_320769_A_moneta_ eccedente.jpg,/var/www/html/marta/file/foto/TA16M325_320769_A_moneta_eccedente.jpg
/var/www/html/marta/file/foto/TA16M325_328543_B_Inv50674A_ 7.jpg,/var/www/html/marta/file/foto/TA16M325_328543_B_Inv50674A_7.jpg
/var/www/html/marta/file/foto/TA16M325_329454_A_Inv51327_ 40.JPG,/var/www/html/marta/file/foto/TA16M325_329454_A_Inv51327_40.JPG
/var/www/html/marta/file/foto/TA16M325_328767_A_Inv50773A_ 2.jpg,/var/www/html/marta/file/foto/TA16M325_328767_A_Inv50773A_2.jpg
/var/www/html/marta/file/foto/TA16M325_328686_B_Inv50710A_ 3.jpg,/var/www/html/marta/file/foto/TA16M325_328686_B_Inv50710A_3.jpg
/var/www/html/marta/file/foto/TA16M325_329417_A_Inv51327_ 3.JPG,/var/www/html/marta/file/foto/TA16M325_329417_A_Inv51327_3.JPG
/var/www/html/marta/file/foto/TA16M325_328677_A_Inv50709A_ 65.jpg,/var/www/html/marta/file/foto/TA16M325_328677_A_Inv50709A_65.jpg
/var/www/html/marta/file/foto/TA16M325_329449_A_Inv51327_ 35.jpg,/var/www/html/marta/file/foto/TA16M325_329449_A_Inv51327_35.jpg
/var/www/html/marta/file/foto/TA16M325_329463_A_Inv51327_ 49.jpg,/var/www/html/marta/file/foto/TA16M325_329463_A_Inv51327_49.jpg
/var/www/html/marta/file/foto/TA16M325_328684_A_Inv50710A_ 1.jpg,/var/www/html/marta/file/foto/TA16M325_328684_A_Inv50710A_1.jpg
/var/www/html/marta/file/foto/TA16M325_334286_B_ Inv6150.jpg,/var/www/html/marta/file/foto/TA16M325_334286_B_Inv6150.jpg
/var/www/html/marta/file/foto/TA16M325_328749_B_Inv50765G_ 2.jpg,/var/www/html/marta/file/foto/TA16M325_328749_B_Inv50765G_2.jpg
/var/www/html/marta/file/foto/TA16M325_328696_B_Inv50710D_ 8.jpg,/var/www/html/marta/file/foto/TA16M325_328696_B_Inv50710D_8.jpg
/var/www/html/marta/file/foto/TA16M325_328549_B_Inv50676A 2.jpg,/var/www/html/marta/file/foto/TA16M325_328549_B_Inv50676A_2.jpg
/var/www/html/marta/file/foto/TA16M325_329457_B_Inv51327_ 43.JPG,/var/www/html/marta/file/foto/TA16M325_329457_B_Inv51327_43.JPG
/var/www/html/marta/file/foto/TA16M325_329459_A_Inv51327_ 45.jpg,/var/www/html/marta/file/foto/TA16M325_329459_A_Inv51327_45.jpg
/var/www/html/marta/file/foto/TA16M325_329432_B_Inv51327_ 18.jpg,/var/www/html/marta/file/foto/TA16M325_329432_B_Inv51327_18.jpg
/var/www/html/marta/file/foto/TA16M325_334289_B_ Inv113769.jpg,/var/www/html/marta/file/foto/TA16M325_334289_B_Inv113769.jpg
/var/www/html/marta/file/foto/TA16M325_329459_B_Inv51327_ 45.JPG,/var/www/html/marta/file/foto/TA16M325_329459_B_Inv51327_45.JPG
/var/www/html/marta/file/foto/TA16M325_329445_A_Inv51327_ 31.jpg,/var/www/html/marta/file/foto/TA16M325_329445_A_Inv51327_31.jpg
/var/www/html/marta/file/foto/TA16M325_329427_A_Inv51327_ 13.JPG,/var/www/html/marta/file/foto/TA16M325_329427_A_Inv51327_13.JPG
/var/www/html/marta/file/foto/TA16M325_329445_B_Inv51327_ 31.JPG,/var/www/html/marta/file/foto/TA16M325_329445_B_Inv51327_31.JPG
/var/www/html/marta/file/foto/TA16M325_359975_A_InvSN15_15 copia.jpg,/var/www/html/marta/file/foto/TA16M325_359975_A_InvSN15_15_copia.jpg
/var/www/html/marta/file/foto/TA16M325_349088_A_SN_2 ANGOLO SUD OVEST.jpg,/var/www/html/marta/file/foto/TA16M325_349088_A_SN_2_ANGOLO_SUD_OVEST.jpg
/var/www/html/marta/file/foto/TA16M325_349082_A_InvSN_1 ANGOLO SUD EST.jpg,/var/www/html/marta/file/foto/TA16M325_349082_A_InvSN_1_ANGOLO_SUD_EST.jpg
/var/www/html/marta/file/foto/TA16M325_328541_A_Inv50674A_ 5.jpg,/var/www/html/marta/file/foto/TA16M325_328541_A_Inv50674A_5.jpg
/var/www/html/marta/file/foto/TA16M325_329428_A_Inv51327_ 14.jpg,/var/www/html/marta/file/foto/TA16M325_329428_A_Inv51327_14.jpg
/var/www/html/marta/file/foto/TA16M325_325481_B_Inv32153 4.jpg,/var/www/html/marta/file/foto/TA16M325_325481_B_Inv32153_4.jpg
/var/www/html/marta/file/foto/TA16M325_328746_B_Inv50765E_ 4.jpg,/var/www/html/marta/file/foto/TA16M325_328746_B_Inv50765E_4.jpg
/var/www/html/marta/file/foto/TA16M325_328616_A_Inv50709A_ 4.jpg,/var/www/html/marta/file/foto/TA16M325_328616_A_Inv50709A_4.jpg
/var/www/html/marta/file/foto/TA16M325_329448_A_Inv51327_ 34.jpg,/var/www/html/marta/file/foto/TA16M325_329448_A_Inv51327_34.jpg
/var/www/html/marta/file/foto/TA16M325_328708_B_Inv50710D_ 20.jpg,/var/www/html/marta/file/foto/TA16M325_328708_B_Inv50710D_20.jpg
/var/www/html/marta/file/foto/TA16M325_325807_A_Inv40029 bis.jpg,/var/www/html/marta/file/foto/TA16M325_325807_A_Inv40029_bis.jpg
/var/www/html/marta/file/foto/TA16M325_328629_A_Inv50709A_ 17.jpg,/var/www/html/marta/file/foto/TA16M325_328629_A_Inv50709A_17.jpg
/var/www/html/marta/file/foto/TA16M325_329452_B_Inv51327_ 38.JPG,/var/www/html/marta/file/foto/TA16M325_329452_B_Inv51327_38.JPG
/var/www/html/marta/file/foto/TA16M325_325814_A_Inv40035a 2 .jpg,/var/www/html/marta/file/foto/TA16M325_325814_A_Inv40035a_2_.jpg
/var/www/html/marta/file/foto/TA16M325_325482_B_Inv32153 5.jpg,/var/www/html/marta/file/foto/TA16M325_325482_B_Inv32153_5.jpg
/var/www/html/marta/file/foto/TA16M325_328675_A_Inv50709A_ 63.jpg,/var/www/html/marta/file/foto/TA16M325_328675_A_Inv50709A_63.jpg
/var/www/html/marta/file/foto/TA16M325_329461_A_Inv51327_ 47.jpg,/var/www/html/marta/file/foto/TA16M325_329461_A_Inv51327_47.jpg
/var/www/html/marta/file/foto/TA16M325_328721_A_Inv50710D_ 33.jpg,/var/www/html/marta/file/foto/TA16M325_328721_A_Inv50710D_33.jpg
/var/www/html/marta/file/foto/TA16M325_329452_A_Inv51327_ 38.jpg,/var/www/html/marta/file/foto/TA16M325_329452_A_Inv51327_38.jpg
/var/www/html/marta/file/foto/TA16M325_349080_A_Inv Inv33598.jpg,/var/www/html/marta/file/foto/TA16M325_349080_A_Inv_Inv33598.jpg
/var/www/html/marta/file/foto/TA16M325_329467_A_Inv51327_ 53.jpg,/var/www/html/marta/file/foto/TA16M325_329467_A_Inv51327_53.jpg
/var/www/html/marta/file/foto/TA16M325_328862_A_Inv50869A_ 7.jpg,/var/www/html/marta/file/foto/TA16M325_328862_A_Inv50869A_7.jpg
/var/www/html/marta/file/foto/TA16M325_328860_A_Inv50869A_ 5.jpg,/var/www/html/marta/file/foto/TA16M325_328860_A_Inv50869A_5.jpg
/var/www/html/marta/file/foto/TA16M325_359977_A_InvSN15_17 copia.jpg,/var/www/html/marta/file/foto/TA16M325_359977_A_InvSN15_17_copia.jpg
/var/www/html/marta/file/foto/TA16M325_329435_B_Inv51327_ 21.JPG,/var/www/html/marta/file/foto/TA16M325_329435_B_Inv51327_21.JPG
/var/www/html/marta/file/foto/TA16M325_328664_B_Inv50709A_ 52.jpg,/var/www/html/marta/file/foto/TA16M325_328664_B_Inv50709A_52.jpg
/var/www/html/marta/file/foto/TA16M325_328716_B_Inv50710D_ 28.jpg,/var/www/html/marta/file/foto/TA16M325_328716_B_Inv50710D_28.jpg
/var/www/html/marta/file/foto/TA16M325_328663_B_Inv50709A_ 51.jpg,/var/www/html/marta/file/foto/TA16M325_328663_B_Inv50709A_51.jpg
/var/www/html/marta/file/foto/TA16M325_329471_A_Inv51327_ 57.JPG,/var/www/html/marta/file/foto/TA16M325_329471_A_Inv51327_57.JPG
/var/www/html/marta/file/foto/TA16M325_329460_B_Inv51327_ 46.JPG,/var/www/html/marta/file/foto/TA16M325_329460_B_Inv51327_46.JPG
/var/www/html/marta/file/foto/TA16M325_329424_A_Inv51327_ 10.jpg,/var/www/html/marta/file/foto/TA16M325_329424_A_Inv51327_10.jpg
/var/www/html/marta/file/foto/TA16M325_329108_A_Inv50618_ 8.jpg,/var/www/html/marta/file/foto/TA16M325_329108_A_Inv50618_8.jpg
/var/www/html/marta/file/foto/TA16M325_329420_A_Inv51327_ 6.jpg,/var/www/html/marta/file/foto/TA16M325_329420_A_Inv51327_6.jpg
/var/www/html/marta/file/foto/TA16M325_349080_B_Inv Inv33598.jpg,/var/www/html/marta/file/foto/TA16M325_349080_B_Inv_Inv33598.jpg
/var/www/html/marta/file/foto/TA16M325_329103_A_Inv50618_ 3.jpg,/var/www/html/marta/file/foto/TA16M325_329103_A_Inv50618_3.jpg
/var/www/html/marta/file/foto/TA16M325_329444_A_Inv51327_ 30.JPG,/var/www/html/marta/file/foto/TA16M325_329444_A_Inv51327_30.JPG
/var/www/html/marta/file/foto/TA16M325_329428_A_Inv51327_ 14.JPG,/var/www/html/marta/file/foto/TA16M325_329428_A_Inv51327_14.JPG
/var/www/html/marta/file/foto/TA16M325_359967_A_InvSN15_07 copia.jpg,/var/www/html/marta/file/foto/TA16M325_359967_A_InvSN15_07_copia.jpg
/var/www/html/marta/file/foto/TA16M325_328621_B_Inv50709A_ 9.jpg,/var/www/html/marta/file/foto/TA16M325_328621_B_Inv50709A_9.jpg
/var/www/html/marta/file/foto/TA16M325_329457_A_Inv51327_ 43.JPG,/var/www/html/marta/file/foto/TA16M325_329457_A_Inv51327_43.JPG
/var/www/html/marta/file/foto/TA16M325_328697_B_Inv50710D_ 9.jpg,/var/www/html/marta/file/foto/TA16M325_328697_B_Inv50710D_9.jpg
/var/www/html/marta/file/foto/TA16M325_329429_B_Inv51327_ 15.JPG,/var/www/html/marta/file/foto/TA16M325_329429_B_Inv51327_15.JPG
/var/www/html/marta/file/foto/TA16M325_329439_A_Inv51327_ 25.jpg,/var/www/html/marta/file/foto/TA16M325_329439_A_Inv51327_25.jpg
/var/www/html/marta/file/foto/TA16M325_349088_B_InvSN_2 ANGOLO SUD OVEST.jpg,/var/www/html/marta/file/foto/TA16M325_349088_B_InvSN_2_ANGOLO_SUD_OVEST.jpg
/var/www/html/marta/file/foto/TA16M325_329419_B_Inv51327_ 5.jpg,/var/www/html/marta/file/foto/TA16M325_329419_B_Inv51327_5.jpg
/var/www/html/marta/file/foto/TA16M325_329105_A_Inv50618_ 5.jpg,/var/www/html/marta/file/foto/TA16M325_329105_A_Inv50618_5.jpg
/var/www/html/marta/file/foto/TA16M325_329416_A_Inv51327_ 2.jpg,/var/www/html/marta/file/foto/TA16M325_329416_A_Inv51327_2.jpg
/var/www/html/marta/file/foto/TA16M325_327139_B_Inv27526B .jpg,/var/www/html/marta/file/foto/TA16M325_327139_B_Inv27526B_.jpg
/var/www/html/marta/file/foto/TA16M325_328643_A_Inv50709A_ 31.jpg,/var/www/html/marta/file/foto/TA16M325_328643_A_Inv50709A_31.jpg
/var/www/html/marta/file/foto/TA16M325_329103_B_Inv50618_ 3.jpg,/var/www/html/marta/file/foto/TA16M325_329103_B_Inv50618_3.jpg
/var/www/html/marta/file/foto/TA16M325_328664_A_Inv50709A_ 52.jpg,/var/www/html/marta/file/foto/TA16M325_328664_A_Inv50709A_52.jpg
/var/www/html/marta/file/foto/TA16M325_318782_B _156B.jpg,/var/www/html/marta/file/foto/TA16M325_318782_B_156B.jpg
/var/www/html/marta/file/foto/TA16M325_328681_B_Inv50709B_ 3.jpg,/var/www/html/marta/file/foto/TA16M325_328681_B_Inv50709B_3.jpg
/var/www/html/marta/file/foto/TA16M325_329460_A_Inv51327_ 46.JPG,/var/www/html/marta/file/foto/TA16M325_329460_A_Inv51327_46.JPG
/var/www/html/marta/file/foto/TA16M325_329455_A_Inv51327_ 41.jpg,/var/www/html/marta/file/foto/TA16M325_329455_A_Inv51327_41.jpg
/var/www/html/marta/file/foto/TA16M325_329472_A_Inv51327_ 58.jpg,/var/www/html/marta/file/foto/TA16M325_329472_A_Inv51327_58.jpg
/var/www/html/marta/file/foto/TA16M325_329433_B_Inv51327_ 19.jpg,/var/www/html/marta/file/foto/TA16M325_329433_B_Inv51327_19.jpg
/var/www/html/marta/file/foto/TA16M325_359956_A_InvSN22_18 copia.jpg,/var/www/html/marta/file/foto/TA16M325_359956_A_InvSN22_18_copia.jpg
/var/www/html/marta/file/foto/TA16M325_360035_A_Inv9876 copia.jpg,/var/www/html/marta/file/foto/TA16M325_360035_A_Inv9876_copia.jpg
/var/www/html/marta/file/foto/TA16M325_334253_A_ Inv33598.jpg,/var/www/html/marta/file/foto/TA16M325_334253_A_Inv33598.jpg
/var/www/html/marta/file/foto/TA16M325_328656_A_Inv50709A_ 44.jpg,/var/www/html/marta/file/foto/TA16M325_328656_A_Inv50709A_44.jpg
/var/www/html/marta/file/foto/TA16M325_328684_B_Inv50710A_ 1.jpg,/var/www/html/marta/file/foto/TA16M325_328684_B_Inv50710A_1.jpg
/var/www/html/marta/file/foto/TA16M325_328694_B_Inv50710D_ 6.jpg,/var/www/html/marta/file/foto/TA16M325_328694_B_Inv50710D_6.jpg
/var/www/html/marta/file/foto/TA16M325_329447_A_Inv51327_ 33.JPG,/var/www/html/marta/file/foto/TA16M325_329447_A_Inv51327_33.JPG
/var/www/html/marta/file/foto/TA16M325_359974_A_InvSN15_14 copia.jpg,/var/www/html/marta/file/foto/TA16M325_359974_A_InvSN15_14_copia.jpg
/var/www/html/marta/file/foto/TA16M325_359972_A_InvSN15_12 copia.jpg,/var/www/html/marta/file/foto/TA16M325_359972_A_InvSN15_12_copia.jpg
/var/www/html/marta/file/foto/TA16M325_329460_B_Inv51327_ 46.jpg,/var/www/html/marta/file/foto/TA16M325_329460_B_Inv51327_46.jpg
/var/www/html/marta/file/foto/TA16M325_328717_B_Inv50710D_ 29.jpg,/var/www/html/marta/file/foto/TA16M325_328717_B_Inv50710D_29.jpg
/var/www/html/marta/file/foto/TA16M325_329448_B_Inv51327_ 34.JPG,/var/www/html/marta/file/foto/TA16M325_329448_B_Inv51327_34.JPG
/var/www/html/marta/file/foto/TA16M325_325380_B_Inv32251 1.jpg,/var/www/html/marta/file/foto/TA16M325_325380_B_Inv32251_1.jpg
/var/www/html/marta/file/foto/TA16M325_328617_A_Inv50709A_ 5.jpg,/var/www/html/marta/file/foto/TA16M325_328617_A_Inv50709A_5.jpg
/var/www/html/marta/file/foto/TA16M325_329464_A_Inv51327_ 50.jpg,/var/www/html/marta/file/foto/TA16M325_329464_A_Inv51327_50.jpg
/var/www/html/marta/file/foto/TA16M325_329418_B_Inv51327_ 4.JPG,/var/www/html/marta/file/foto/TA16M325_329418_B_Inv51327_4.JPG
/var/www/html/marta/file/foto/TA16M325_329450_A_Inv51327_ 36.JPG,/var/www/html/marta/file/foto/TA16M325_329450_A_Inv51327_36.JPG
/var/www/html/marta/file/foto/TA16M325_328671_B_Inv50709 _59.jpg,/var/www/html/marta/file/foto/TA16M325_328671_B_Inv50709_59.jpg
/var/www/html/marta/file/foto/TA16M325_328627_B_Inv50709A_ 15.jpg,/var/www/html/marta/file/foto/TA16M325_328627_B_Inv50709A_15.jpg
/var/www/html/marta/file/foto/TA16M325_329440_A_Inv51327_ 26.jpg,/var/www/html/marta/file/foto/TA16M325_329440_A_Inv51327_26.jpg
/var/www/html/marta/file/foto/TA16M325_329421_B_Inv51327_ 7.JPG,/var/www/html/marta/file/foto/TA16M325_329421_B_Inv51327_7.JPG
/var/www/html/marta/file/foto/TA16M325_329428_B_Inv51327_ 14.jpg,/var/www/html/marta/file/foto/TA16M325_329428_B_Inv51327_14.jpg
/var/www/html/marta/file/foto/TA16M325_328673_A_Inv50709A_ 61.jpg,/var/www/html/marta/file/foto/TA16M325_328673_A_Inv50709A_61.jpg
/var/www/html/marta/file/foto/TA16M325_329416_B_Inv51327_ 2.JPG,/var/www/html/marta/file/foto/TA16M325_329416_B_Inv51327_2.JPG
/var/www/html/marta/file/foto/TA16M325_328652_B_Inv50709A_ 40.jpg,/var/www/html/marta/file/foto/TA16M325_328652_B_Inv50709A_40.jpg
/var/www/html/marta/file/foto/TA16M325_359973_A_InvSN15_13 copia.jpg,/var/www/html/marta/file/foto/TA16M325_359973_A_InvSN15_13_copia.jpg
/var/www/html/marta/file/foto/TA16M325_360052_A_InvSN19_09 copia.jpg,/var/www/html/marta/file/foto/TA16M325_360052_A_InvSN19_09_copia.jpg
/var/www/html/marta/file/foto/TA16M325_325480_B_Inv32153 3.jpg,/var/www/html/marta/file/foto/TA16M325_325480_B_Inv32153_3.jpg
/var/www/html/marta/file/foto/TA16M325_328632_A_Inv50709A_ 20.jpg,/var/www/html/marta/file/foto/TA16M325_328632_A_Inv50709A_20.jpg
/var/www/html/marta/file/foto/TA16M325_325813_A_Inv40035a 1.jpg,/var/www/html/marta/file/foto/TA16M325_325813_A_Inv40035a_1.jpg
/var/www/html/marta/file/foto/TA16M325_328859_B_Inv50869A_ 4.jpg,/var/www/html/marta/file/foto/TA16M325_328859_B_Inv50869A_4.jpg
/var/www/html/marta/file/foto/TA16M325_329458_B_Inv51327_ 44.jpg,/var/www/html/marta/file/foto/TA16M325_329458_B_Inv51327_44.jpg
/var/www/html/marta/file/foto/TA16M325_329469_B_Inv51327_ 55.jpg,/var/www/html/marta/file/foto/TA16M325_329469_B_Inv51327_55.jpg
/var/www/html/marta/file/foto/TA16M325_328668_A_Inv50709 _56.jpg,/var/www/html/marta/file/foto/TA16M325_328668_A_Inv50709_56.jpg
/var/www/html/marta/file/foto/TA16M325_328690_A_Inv50710D_ 2.jpg,/var/www/html/marta/file/foto/TA16M325_328690_A_Inv50710D_2.jpg
/var/www/html/marta/file/foto/TA16M325_329431_B_Inv51327_ 17.jpg,/var/www/html/marta/file/foto/TA16M325_329431_B_Inv51327_17.jpg
/var/www/html/marta/file/foto/TA16M325_328693_A_Inv50710D_ 5.jpg,/var/www/html/marta/file/foto/TA16M325_328693_A_Inv50710D_5.jpg
/var/www/html/marta/file/foto/TA16M325_328632_B_Inv50709A_ 20.jpg,/var/www/html/marta/file/foto/TA16M325_328632_B_Inv50709A_20.jpg
/var/www/html/marta/file/foto/TA16M325_329419_B_Inv51327_ 5.JPG,/var/www/html/marta/file/foto/TA16M325_329419_B_Inv51327_5.JPG
/var/www/html/marta/file/foto/TA16M325_329420_A_Inv51327_ 6.JPG,/var/www/html/marta/file/foto/TA16M325_329420_A_Inv51327_6.JPG
/var/www/html/marta/file/foto/TA16M325_329425_A_Inv51327_ 11.JPG,/var/www/html/marta/file/foto/TA16M325_329425_A_Inv51327_11.JPG
/var/www/html/marta/file/foto/TA16M325_328858_A_Inv50869A_ 3.jpg,/var/www/html/marta/file/foto/TA16M325_328858_A_Inv50869A_3.jpg
/var/www/html/marta/file/foto/TA16M325_329426_A_Inv51327_ 12.JPG,/var/www/html/marta/file/foto/TA16M325_329426_A_Inv51327_12.JPG
/var/www/html/marta/file/foto/TA16M325_334253_B_ Inv33598.jpg,/var/www/html/marta/file/foto/TA16M325_334253_B_Inv33598.jpg
/var/www/html/marta/file/foto/TA16M325_329107_A_Inv50618_ 7.jpg,/var/www/html/marta/file/foto/TA16M325_329107_A_Inv50618_7.jpg
/var/www/html/marta/file/foto/TA16M325_328614_B_Inv50709A_ 2.jpg,/var/www/html/marta/file/foto/TA16M325_328614_B_Inv50709A_2.jpg
/var/www/html/marta/file/foto/TA16M325_328655_B_Inv50709A_ 43.jpg,/var/www/html/marta/file/foto/TA16M325_328655_B_Inv50709A_43.jpg
/var/www/html/marta/file/foto/TA16M325_329448_B_Inv51327_ 34.jpg,/var/www/html/marta/file/foto/TA16M325_329448_B_Inv51327_34.jpg
/var/www/html/marta/file/foto/TA16M325_329434_A_Inv51327_ 20.JPG,/var/www/html/marta/file/foto/TA16M325_329434_A_Inv51327_20.JPG
/var/www/html/marta/file/foto/TA16M325_325814_B_Inv40035a 2.jpg,/var/www/html/marta/file/foto/TA16M325_325814_B_Inv40035a_2.jpg
/var/www/html/marta/file/foto/TA16M325_328720_A_Inv50710D_ 32.jpg,/var/www/html/marta/file/foto/TA16M325_328720_A_Inv50710D_32.jpg
/var/www/html/marta/file/foto/TA16M325_328636_B_Inv50709A_ 24.jpg,/var/www/html/marta/file/foto/TA16M325_328636_B_Inv50709A_24.jpg
/var/www/html/marta/file/foto/TA16M325_328678_A_Inv50709A_ 66.jpg,/var/www/html/marta/file/foto/TA16M325_328678_A_Inv50709A_66.jpg
/var/www/html/marta/file/foto/TA16M325_320769_A_moneta_ eccedente_.jpg,/var/www/html/marta/file/foto/TA16M325_320769_A_moneta_eccedente_.jpg
/var/www/html/marta/file/foto/TA16M325_349082_C_SN_1 ANGOLO SUD EST.jpg,/var/www/html/marta/file/foto/TA16M325_349082_C_SN_1_ANGOLO_SUD_EST.jpg
/var/www/html/marta/file/foto/TA16M325_329432_A_Inv51327_ 18.jpg,/var/www/html/marta/file/foto/TA16M325_329432_A_Inv51327_18.jpg
/var/www/html/marta/file/foto/TA16M325_329430_B_Inv51327_ 16.jpg,/var/www/html/marta/file/foto/TA16M325_329430_B_Inv51327_16.jpg
/var/www/html/marta/file/foto/TA16M325_359973_B_InvSN15_13 copia.jpg,/var/www/html/marta/file/foto/TA16M325_359973_B_InvSN15_13_copia.jpg
/var/www/html/marta/file/foto/TA16M325_329468_A_Inv51327_ 54.JPG,/var/www/html/marta/file/foto/TA16M325_329468_A_Inv51327_54.JPG
/var/www/html/marta/file/foto/TA16M325_328645_A_Inv50709A_ 33.jpg,/var/www/html/marta/file/foto/TA16M325_328645_A_Inv50709A_33.jpg
/var/www/html/marta/file/foto/TA16M325_328767_B_Inv50773A_ 2.jpg,/var/www/html/marta/file/foto/TA16M325_328767_B_Inv50773A_2.jpg
/var/www/html/marta/file/foto/TA16M325_329461_A_Inv51327_ 47.JPG,/var/www/html/marta/file/foto/TA16M325_329461_A_Inv51327_47.JPG
/var/www/html/marta/file/foto/TA16M325_328694_A_Inv50710D_ 6.jpg,/var/www/html/marta/file/foto/TA16M325_328694_A_Inv50710D_6.jpg
/var/www/html/marta/file/foto/TA16M325_359960_A_InvSN22_22 copia.jpg,/var/www/html/marta/file/foto/TA16M325_359960_A_InvSN22_22_copia.jpg
/var/www/html/marta/file/foto/TA16M325_328875_A_Inv51961_ 1.jpg,/var/www/html/marta/file/foto/TA16M325_328875_A_Inv51961_1.jpg
/var/www/html/marta/file/foto/TA16M325_328624_B_Inv50709A_ 12.jpg,/var/www/html/marta/file/foto/TA16M325_328624_B_Inv50709A_12.jpg
/var/www/html/marta/file/foto/TA16M325_329105_B_Inv50618_ 5.jpg,/var/www/html/marta/file/foto/TA16M325_329105_B_Inv50618_5.jpg
/var/www/html/marta/file/foto/TA16M325_328717_A_Inv50710D_ 29.jpg,/var/www/html/marta/file/foto/TA16M325_328717_A_Inv50710D_29.jpg
/var/www/html/marta/file/foto/TA16M325_329432_B_Inv51327_ 18.JPG,/var/www/html/marta/file/foto/TA16M325_329432_B_Inv51327_18.JPG
/var/www/html/marta/file/foto/TA16M325_328625_A_Inv50709A_ 13.jpg,/var/www/html/marta/file/foto/TA16M325_328625_A_Inv50709A_13.jpg
/var/www/html/marta/file/foto/TA16M325_329415_A_Inv51327_ 1.JPG,/var/www/html/marta/file/foto/TA16M325_329415_A_Inv51327_1.JPG
/var/www/html/marta/file/foto/TA16M325_349082_D_SN_1 ANGOLO SUD EST.jpg,/var/www/html/marta/file/foto/TA16M325_349082_D_SN_1_ANGOLO_SUD_EST.jpg
/var/www/html/marta/file/foto/TA16M325_328863_A_Inv50869A_ 8.jpg,/var/www/html/marta/file/foto/TA16M325_328863_A_Inv50869A_8.jpg
/var/www/html/marta/file/foto/TA16M325_349088_B_SN_2 ANGOLO SUD OVEST.jpg,/var/www/html/marta/file/foto/TA16M325_349088_B_SN_2_ANGOLO_SUD_OVEST.jpg
/var/www/html/marta/file/foto/TA16M325_328617_B_Inv50709A_ 5.jpg,/var/www/html/marta/file/foto/TA16M325_328617_B_Inv50709A_5.jpg
/var/www/html/marta/file/foto/TA16M325_328685_A_Inv50710A_ 2.jpg,/var/www/html/marta/file/foto/TA16M325_328685_A_Inv50710A_2.jpg
/var/www/html/marta/file/foto/TA16M325_334290_A_ Inv113835.jpg,/var/www/html/marta/file/foto/TA16M325_334290_A_Inv113835.jpg
/var/www/html/marta/file/foto/TA16M325_328681_A_Inv50709B_ 3.jpg,/var/www/html/marta/file/foto/TA16M325_328681_A_Inv50709B_3.jpg
/var/www/html/marta/file/foto/TA16M325_329441_B_Inv51327_ 27.jpg,/var/www/html/marta/file/foto/TA16M325_329441_B_Inv51327_27.jpg
/var/www/html/marta/file/foto/TA16M325_334287_C_ Inv6214.jpg,/var/www/html/marta/file/foto/TA16M325_334287_C_Inv6214.jpg
/var/www/html/marta/file/foto/TA16M325_329467_B_Inv51327_ 53.JPG,/var/www/html/marta/file/foto/TA16M325_329467_B_Inv51327_53.JPG
/var/www/html/marta/file/foto/TA16M325_325813_B_Inv40035a 1.jpg,/var/www/html/marta/file/foto/TA16M325_325813_B_Inv40035a_1.jpg
/var/www/html/marta/file/foto/TA16M325_328719_A_Inv50710D_ 31.jpg,/var/www/html/marta/file/foto/TA16M325_328719_A_Inv50710D_31.jpg
/var/www/html/marta/file/foto/TA16M325_328663_A_Inv50709A_ 51.jpg,/var/www/html/marta/file/foto/TA16M325_328663_A_Inv50709A_51.jpg
/var/www/html/marta/file/foto/TA16M325_328672_B_Inv50709A_ 60.jpg,/var/www/html/marta/file/foto/TA16M325_328672_B_Inv50709A_60.jpg
/var/www/html/marta/file/foto/TA16M325_334297_B_ Inv113843.jpg,/var/www/html/marta/file/foto/TA16M325_334297_B_Inv113843.jpg
/var/www/html/marta/file/foto/TA16M325_359969_B_InvSN15_09 copia.jpg,/var/www/html/marta/file/foto/TA16M325_359969_B_InvSN15_09_copia.jpg
/var/www/html/marta/file/foto/TA16M325_328626_B_Inv50709A_ 14.jpg,/var/www/html/marta/file/foto/TA16M325_328626_B_Inv50709A_14.jpg
/var/www/html/marta/file/foto/TA16M325_329425_B_Inv51327_ 11.JPG,/var/www/html/marta/file/foto/TA16M325_329425_B_Inv51327_11.JPG
/var/www/html/marta/file/foto/TA16M325_328638_B_Inv50709A_ 26.jpg,/var/www/html/marta/file/foto/TA16M325_328638_B_Inv50709A_26.jpg
/var/www/html/marta/file/foto/TA16M325_329422_B_Inv51327_ 8.JPG,/var/www/html/marta/file/foto/TA16M325_329422_B_Inv51327_8.JPG
/var/www/html/marta/file/foto/TA16M325_329446_B_Inv51327_ 32.JPG,/var/www/html/marta/file/foto/TA16M325_329446_B_Inv51327_32.JPG
/var/www/html/marta/file/foto/TA16M325_325482_A_Inv32153 5.jpg,/var/www/html/marta/file/foto/TA16M325_325482_A_Inv32153_5.jpg
/var/www/html/marta/file/foto/TA16M325_334297_A_ Inv113843.jpg,/var/www/html/marta/file/foto/TA16M325_334297_A_Inv113843.jpg
/var/www/html/marta/file/foto/TA16M325_328701_B_Inv50710D_ 13.jpg,/var/www/html/marta/file/foto/TA16M325_328701_B_Inv50710D_13.jpg
/var/www/html/marta/file/foto/TA16M325_359956_B_InvSN22_18 copia.jpg,/var/www/html/marta/file/foto/TA16M325_359956_B_InvSN22_18_copia.jpg
/var/www/html/marta/file/foto/TA16M325_328700_A_Inv50710D_ 12.jpg,/var/www/html/marta/file/foto/TA16M325_328700_A_Inv50710D_12.jpg
/var/www/html/marta/file/foto/TA16M325_328856_B_Inv50869A_ 1.jpg,/var/www/html/marta/file/foto/TA16M325_328856_B_Inv50869A_1.jpg
/var/www/html/marta/file/foto/TA16M325_328766_B_Inv50773A_ 1.jpg,/var/www/html/marta/file/foto/TA16M325_328766_B_Inv50773A_1.jpg
/var/www/html/marta/file/foto/TA16M325_329416_B_Inv51327_ 2.jpg,/var/www/html/marta/file/foto/TA16M325_329416_B_Inv51327_2.jpg
/var/www/html/marta/file/foto/TA16M325_334293_B_ Inv113838.jpg,/var/www/html/marta/file/foto/TA16M325_334293_B_Inv113838.jpg
/var/www/html/marta/file/foto/TA16M325_329454_B_Inv51327_ 40.jpg,/var/www/html/marta/file/foto/TA16M325_329454_B_Inv51327_40.jpg
/var/www/html/marta/file/foto/TA16M325_328695_B_Inv50710D_ 7.jpg,/var/www/html/marta/file/foto/TA16M325_328695_B_Inv50710D_7.jpg
/var/www/html/marta/file/foto/TA16M325_328712_B_Inv50710D_ 24.jpg,/var/www/html/marta/file/foto/TA16M325_328712_B_Inv50710D_24.jpg
/var/www/html/marta/file/foto/TA16M325_328613_A_Inv50709A_ 1.jpg,/var/www/html/marta/file/foto/TA16M325_328613_A_Inv50709A_1.jpg
/var/www/html/marta/file/foto/TA16M325_328651_B_Inv50709A_ 39.jpg,/var/www/html/marta/file/foto/TA16M325_328651_B_Inv50709A_39.jpg
/var/www/html/marta/file/foto/TA16M325_325807_B_Inv40029 bis.jpg,/var/www/html/marta/file/foto/TA16M325_325807_B_Inv40029_bis.jpg
/var/www/html/marta/file/foto/TA16M325_334296_A_ Inv113841.jpg,/var/www/html/marta/file/foto/TA16M325_334296_A_Inv113841.jpg
/var/www/html/marta/file/foto/TA16M325_329465_A_Inv51327_ 51.JPG,/var/www/html/marta/file/foto/TA16M325_329465_A_Inv51327_51.JPG
/var/www/html/marta/file/foto/TA16M325_328537_B_Inv50674A_ 1.jpg,/var/www/html/marta/file/foto/TA16M325_328537_B_Inv50674A_1.jpg
/var/www/html/marta/file/foto/TA16M325_329106_B_Inv50618_ 6.jpg,/var/www/html/marta/file/foto/TA16M325_329106_B_Inv50618_6.jpg
/var/www/html/marta/file/foto/TA16M325_328709_A_Inv50710D_ 21.jpg,/var/www/html/marta/file/foto/TA16M325_328709_A_Inv50710D_21.jpg
/var/www/html/marta/file/foto/TA16M325_329451_B_Inv51327_ 37.JPG,/var/www/html/marta/file/foto/TA16M325_329451_B_Inv51327_37.JPG
/var/www/html/marta/file/foto/TA16M325_329420_B_Inv51327_ 6.JPG,/var/www/html/marta/file/foto/TA16M325_329420_B_Inv51327_6.JPG
/var/www/html/marta/file/foto/TA16M325_329421_A_Inv51327_ 7.jpg,/var/www/html/marta/file/foto/TA16M325_329421_A_Inv51327_7.jpg
/var/www/html/marta/file/foto/TA16M325_349167_A_InvSN busto.jpg,/var/www/html/marta/file/foto/TA16M325_349167_A_InvSN_busto.jpg
/var/www/html/marta/file/foto/TA16M325_328714_A_Inv50710D_ 26.jpg,/var/www/html/marta/file/foto/TA16M325_328714_A_Inv50710D_26.jpg
/var/www/html/marta/file/foto/TA16M325_334298_B_ Inv113845.jpg,/var/www/html/marta/file/foto/TA16M325_334298_B_Inv113845.jpg
/var/www/html/marta/file/foto/TA16M325_328653_A_Inv50709A_ 41.jpg,/var/www/html/marta/file/foto/TA16M325_328653_A_Inv50709A_41.jpg
/var/www/html/marta/file/foto/TA16M325_325422_A_Inv32292 .jpg,/var/www/html/marta/file/foto/TA16M325_325422_A_Inv32292_.jpg
/var/www/html/marta/file/foto/TA16M325_349080_C_Inv Inv33598.jpg,/var/www/html/marta/file/foto/TA16M325_349080_C_Inv_Inv33598.jpg
/var/www/html/marta/file/foto/TA16M325_329472_B_Inv51327_ 58.JPG,/var/www/html/marta/file/foto/TA16M325_329472_B_Inv51327_58.JPG
/var/www/html/marta/file/foto/TA16M325_329427_B_Inv51327_ 13.JPG,/var/www/html/marta/file/foto/TA16M325_329427_B_Inv51327_13.JPG
/var/www/html/marta/file/foto/TA16M325_329421_A_Inv51327_ 7.JPG,/var/www/html/marta/file/foto/TA16M325_329421_A_Inv51327_7.JPG
/var/www/html/marta/file/foto/TA16M325_349088_C_SN_2 ANGOLO SUD OVEST.jpg,/var/www/html/marta/file/foto/TA16M325_349088_C_SN_2_ANGOLO_SUD_OVEST.jpg
/var/www/html/marta/file/foto/TA16M325_328620_A_Inv50709A_ 8.jpg,/var/www/html/marta/file/foto/TA16M325_328620_A_Inv50709A_8.jpg
/var/www/html/marta/file/foto/TA16M325_328657_A_Inv50709A_ 45.jpg,/var/www/html/marta/file/foto/TA16M325_328657_A_Inv50709A_45.jpg
/var/www/html/marta/file/foto/TA16M325_328640_B_Inv50709A_ 28.jpg,/var/www/html/marta/file/foto/TA16M325_328640_B_Inv50709A_28.jpg
/var/www/html/marta/file/foto/TA16M325_328863_B_Inv50869A_ 8.jpg,/var/www/html/marta/file/foto/TA16M325_328863_B_Inv50869A_8.jpg
/var/www/html/marta/file/foto/TA16M325_329436_B_Inv51327_ 22.jpg,/var/www/html/marta/file/foto/TA16M325_329436_B_Inv51327_22.jpg
/var/www/html/marta/file/foto/TA16M325_329464_B_Inv51327_ 50.JPG,/var/www/html/marta/file/foto/TA16M325_329464_B_Inv51327_50.JPG
/var/www/html/marta/file/foto/TA16M325_328649_A_Inv50709A_ 37.jpg,/var/www/html/marta/file/foto/TA16M325_328649_A_Inv50709A_37.jpg
/var/www/html/marta/file/foto/TA16M325_329421_B_Inv51327_ 7.jpg,/var/www/html/marta/file/foto/TA16M325_329421_B_Inv51327_7.jpg
/var/www/html/marta/file/foto/TA16M325_328631_A_Inv50709A_ 19.jpg,/var/www/html/marta/file/foto/TA16M325_328631_A_Inv50709A_19.jpg
/var/www/html/marta/file/foto/TA16M325_334287_B_ Inv6214.jpg,/var/www/html/marta/file/foto/TA16M325_334287_B_Inv6214.jpg
/var/www/html/marta/file/foto/TA16M325_328713_B_Inv50710D_ 25.jpg,/var/www/html/marta/file/foto/TA16M325_328713_B_Inv50710D_25.jpg
/var/www/html/marta/file/foto/TA16M325_334283_A_Inv20929 provvisoria.jpg,/var/www/html/marta/file/foto/TA16M325_334283_A_Inv20929_provvisoria.jpg
/var/www/html/marta/file/foto/TA16M325_329440_B_Inv51327_ 26.JPG,/var/www/html/marta/file/foto/TA16M325_329440_B_Inv51327_26.JPG
/var/www/html/marta/file/foto/TA16M325_329443_A_Inv51327_ 29.jpg,/var/www/html/marta/file/foto/TA16M325_329443_A_Inv51327_29.jpg
/var/www/html/marta/file/foto/TA16M325_326028_A_InvSN1 .jpg,/var/www/html/marta/file/foto/TA16M325_326028_A_InvSN1_.jpg
/var/www/html/marta/file/foto/TA16M325_329470_A_Inv51327_ 56.JPG,/var/www/html/marta/file/foto/TA16M325_329470_A_Inv51327_56.JPG
/var/www/html/marta/file/foto/TA16M325_325381_A_Inv32251 2 .jpg,/var/www/html/marta/file/foto/TA16M325_325381_A_Inv32251_2_.jpg
/var/www/html/marta/file/foto/TA16M325_328571_B_Inv50691C_ 2.jpg,/var/www/html/marta/file/foto/TA16M325_328571_B_Inv50691C_2.jpg
/var/www/html/marta/file/foto/TA16M325_329457_B_Inv51327_ 43.jpg,/var/www/html/marta/file/foto/TA16M325_329457_B_Inv51327_43.jpg
/var/www/html/marta/file/foto/TA16M325_328619_B_Inv50709A_ 7.jpg,/var/www/html/marta/file/foto/TA16M325_328619_B_Inv50709A_7.jpg
/var/www/html/marta/file/foto/TA16M325_328618_A_Inv50709A_ 6.jpg,/var/www/html/marta/file/foto/TA16M325_328618_A_Inv50709A_6.jpg
/var/www/html/marta/file/foto/TA16M325_328652_A_Inv50709A_ 40.jpg,/var/www/html/marta/file/foto/TA16M325_328652_A_Inv50709A_40.jpg
/var/www/html/marta/file/foto/TA16M325_328841_B_Inv50857, 50857A.jpg,/var/www/html/marta/file/foto/TA16M325_328841_B_Inv50857,_50857A.jpg
/var/www/html/marta/file/foto/TA16M325_329104_A_Inv50618_ 4.jpg,/var/www/html/marta/file/foto/TA16M325_329104_A_Inv50618_4.jpg
/var/www/html/marta/file/foto/TA16M325_328571_A_Inv50691C_ 2.jpg,/var/www/html/marta/file/foto/TA16M325_328571_A_Inv50691C_2.jpg
/var/www/html/marta/file/foto/TA16M325_328864_B_Inv50869A_ 9.jpg,/var/www/html/marta/file/foto/TA16M325_328864_B_Inv50869A_9.jpg
/var/www/html/marta/file/foto/TA16M325_325814_A_Inv40035a 2.jpg,/var/www/html/marta/file/foto/TA16M325_325814_A_Inv40035a_2.jpg
/var/www/html/marta/file/foto/TA16M325_334283_A_Inv20929  provvisoria.jpg,/var/www/html/marta/file/foto/TA16M325_334283_A_Inv20929_provvisoria.jpg
/var/www/html/marta/file/foto/TA16M325_329460_A_Inv51327_ 46.jpg,/var/www/html/marta/file/foto/TA16M325_329460_A_Inv51327_46.jpg
/var/www/html/marta/file/foto/TA16M325_329442_A_Inv51327_ 28.JPG,/var/www/html/marta/file/foto/TA16M325_329442_A_Inv51327_28.JPG
/var/www/html/marta/file/foto/TA16M325_359966_A_InvSN15_06 copia.jpg,/var/www/html/marta/file/foto/TA16M325_359966_A_InvSN15_06_copia.jpg
/var/www/html/marta/file/foto/TA16M325_328657_B_Inv50709A_ 45.jpg,/var/www/html/marta/file/foto/TA16M325_328657_B_Inv50709A_45.jpg
/var/www/html/marta/file/foto/TA16M325_329724_A_Inv112486, 112490.jpg,/var/www/html/marta/file/foto/TA16M325_329724_A_Inv112486,_112490.jpg
/var/www/html/marta/file/foto/TA16M325_329437_B_Inv51327_ 23.JPG,/var/www/html/marta/file/foto/TA16M325_329437_B_Inv51327_23.JPG
/var/www/html/marta/file/foto/TA16M325_328540_B_Inv50674A_ 4.jpg,/var/www/html/marta/file/foto/TA16M325_328540_B_Inv50674A_4.jpg
/var/www/html/marta/file/foto/TA16M325_329424_A_Inv51327_ 10.JPG,/var/www/html/marta/file/foto/TA16M325_329424_A_Inv51327_10.JPG
/var/www/html/marta/file/foto/TA16M325_328857_A_Inv50869A_ 2.jpg,/var/www/html/marta/file/foto/TA16M325_328857_A_Inv50869A_2.jpg
/var/www/html/marta/file/foto/TA16M325_328699_B_Inv50710D_ 11.jpg,/var/www/html/marta/file/foto/TA16M325_328699_B_Inv50710D_11.jpg
/var/www/html/marta/file/foto/TA16M325_329450_A_Inv51327_ 36.jpg,/var/www/html/marta/file/foto/TA16M325_329450_A_Inv51327_36.jpg
/var/www/html/marta/file/foto/TA16M325_329102_B_Inv50618_ 2.jpg,/var/www/html/marta/file/foto/TA16M325_329102_B_Inv50618_2.jpg
/var/www/html/marta/file/foto/TA16M325_328654_B_Inv50709A_ 42.jpg,/var/www/html/marta/file/foto/TA16M325_328654_B_Inv50709A_42.jpg
/var/www/html/marta/file/foto/TA16M325_328627_A_Inv50709A_ 15.jpg,/var/www/html/marta/file/foto/TA16M325_328627_A_Inv50709A_15.jpg
/var/www/html/marta/file/foto/TA16M325_328706_A_Inv50710D_ 18.jpg,/var/www/html/marta/file/foto/TA16M325_328706_A_Inv50710D_18.jpg
/var/www/html/marta/file/foto/TA16M325_325479_B_Inv32153 2.jpg,/var/www/html/marta/file/foto/TA16M325_325479_B_Inv32153_2.jpg
/var/www/html/marta/file/foto/TA16M325_328636_A_Inv50709A_ 24.jpg,/var/www/html/marta/file/foto/TA16M325_328636_A_Inv50709A_24.jpg
/var/www/html/marta/file/foto/TA16M325_328653_B_Inv50709A_ 41.jpg,/var/www/html/marta/file/foto/TA16M325_328653_B_Inv50709A_41.jpg
/var/www/html/marta/file/foto/TA16M325_329433_B_Inv51327_ 19.JPG,/var/www/html/marta/file/foto/TA16M325_329433_B_Inv51327_19.JPG
/var/www/html/marta/file/foto/TA16M325_328668_B_Inv50709A_ 56.jpg,/var/www/html/marta/file/foto/TA16M325_328668_B_Inv50709A_56.jpg
/var/www/html/marta/file/foto/TA16M325_328875_B_Inv51961_ 1.jpg,/var/www/html/marta/file/foto/TA16M325_328875_B_Inv51961_1.jpg
/var/www/html/marta/file/foto/TA16M325_329456_A_Inv51327_ 42.jpg,/var/www/html/marta/file/foto/TA16M325_329456_A_Inv51327_42.jpg
/var/www/html/marta/file/foto/TA16M325_328644_A_Inv50709A_ 32.jpg,/var/www/html/marta/file/foto/TA16M325_328644_A_Inv50709A_32.jpg
/var/www/html/marta/file/foto/TA16M325_328702_B_Inv50710D_ 14.jpg,/var/www/html/marta/file/foto/TA16M325_328702_B_Inv50710D_14.jpg
/var/www/html/marta/file/foto/TA16M325_329458_A_Inv51327_ 44.JPG,/var/www/html/marta/file/foto/TA16M325_329458_A_Inv51327_44.JPG
/var/www/html/marta/file/foto/TA16M325_359960_B_InvSN22_22 copia.jpg,/var/www/html/marta/file/foto/TA16M325_359960_B_InvSN22_22_copia.jpg
/var/www/html/marta/file/foto/TA16M325_334283_A_Inv20929 cimasa a provvisoria.jpg,/var/www/html/marta/file/foto/TA16M325_334283_A_Inv20929_cimasa_a_provvisoria.jpg
/var/www/html/marta/file/foto/TA16M325_328674_B_Inv50709 _62.jpg,/var/www/html/marta/file/foto/TA16M325_328674_B_Inv50709_62.jpg
/var/www/html/marta/file/foto/TA16M325_329456_B_Inv51327_ 42.jpg,/var/www/html/marta/file/foto/TA16M325_329456_B_Inv51327_42.jpg
/var/www/html/marta/file/foto/TA16M325_349088_C_InvSN_2 ANGOLO SUD OVEST.jpg,/var/www/html/marta/file/foto/TA16M325_349088_C_InvSN_2_ANGOLO_SUD_OVEST.jpg
/var/www/html/marta/file/foto/TA16M325_328710_A_Inv50710D_ 22.jpg,/var/www/html/marta/file/foto/TA16M325_328710_A_Inv50710D_22.jpg
/var/www/html/marta/file/foto/TA16M325_328718_B_Inv50710D_ 30.jpg,/var/www/html/marta/file/foto/TA16M325_328718_B_Inv50710D_30.jpg
/var/www/html/marta/file/foto/TA16M325_329106_A_Inv50618_ 6.jpg,/var/www/html/marta/file/foto/TA16M325_329106_A_Inv50618_6.jpg
/var/www/html/marta/file/foto/TA16M325_317094_A_Inv 136389.jpg,/var/www/html/marta/file/foto/TA16M325_317094_A_Inv_136389.jpg
/var/www/html/marta/file/foto/TA16M325_328722_A_Inv50710D_ 34.jpg,/var/www/html/marta/file/foto/TA16M325_328722_A_Inv50710D_34.jpg
/var/www/html/marta/file/foto/TA16M325_328635_B_Inv50709A_ 23.jpg,/var/www/html/marta/file/foto/TA16M325_328635_B_Inv50709A_23.jpg
/var/www/html/marta/file/foto/TA16M325_328618_B_Inv50709A_ 6.jpg,/var/www/html/marta/file/foto/TA16M325_328618_B_Inv50709A_6.jpg
/var/www/html/marta/file/foto/TA16M325_329453_B_Inv51327_ 39.jpg,/var/www/html/marta/file/foto/TA16M325_329453_B_Inv51327_39.jpg
/var/www/html/marta/file/foto/TA16M325_328655_A_Inv50709A_ 43.jpg,/var/www/html/marta/file/foto/TA16M325_328655_A_Inv50709A_43.jpg
/var/www/html/marta/file/foto/TA16M325_329458_A_Inv51327_ 44.jpg,/var/www/html/marta/file/foto/TA16M325_329458_A_Inv51327_44.jpg
/var/www/html/marta/file/foto/TA16M325_334293_A_ Inv113838.jpg,/var/www/html/marta/file/foto/TA16M325_334293_A_Inv113838.jpg
/var/www/html/marta/file/foto/TA16M325_328634_A_Inv50709A_ 22.jpg,/var/www/html/marta/file/foto/TA16M325_328634_A_Inv50709A_22.jpg
/var/www/html/marta/file/foto/TA16M325_328748_B_Inv50765G_ 1.jpg,/var/www/html/marta/file/foto/TA16M325_328748_B_Inv50765G_1.jpg
/var/www/html/marta/file/foto/TA16M325_328659_B_Inv50709A_ 47.jpg,/var/www/html/marta/file/foto/TA16M325_328659_B_Inv50709A_47.jpg
/var/www/html/marta/file/foto/TA16M325_328654_A_Inv50709A_ 42.jpg,/var/www/html/marta/file/foto/TA16M325_328654_A_Inv50709A_42.jpg
/var/www/html/marta/file/foto/TA16M325_328641_A_Inv50709A_ 29.jpg,/var/www/html/marta/file/foto/TA16M325_328641_A_Inv50709A_29.jpg
/var/www/html/marta/file/foto/TA16M325_328707_B_Inv50710D_ 19.jpg,/var/www/html/marta/file/foto/TA16M325_328707_B_Inv50710D_19.jpg
/var/www/html/marta/file/foto/TA16M325_329432_A_Inv51327_ 18.JPG,/var/www/html/marta/file/foto/TA16M325_329432_A_Inv51327_18.JPG
/var/www/html/marta/file/foto/TA16M325_328685_B_Inv50710A_ 2.jpg,/var/www/html/marta/file/foto/TA16M325_328685_B_Inv50710A_2.jpg
/var/www/html/marta/file/foto/TA16M325_329463_B_Inv51327_ 49.JPG,/var/www/html/marta/file/foto/TA16M325_329463_B_Inv51327_49.JPG
/var/www/html/marta/file/foto/TA16M325_328861_A_Inv50869A_ 6.jpg,/var/www/html/marta/file/foto/TA16M325_328861_A_Inv50869A_6.jpg
/var/www/html/marta/file/foto/TA16M325_360052_B_InvSN19_09 copia.jpg,/var/www/html/marta/file/foto/TA16M325_360052_B_InvSN19_09_copia.jpg
/var/www/html/marta/file/foto/TA16M325_329445_A_Inv51327_ 31.JPG,/var/www/html/marta/file/foto/TA16M325_329445_A_Inv51327_31.JPG
/var/www/html/marta/file/foto/TA16M325_329472_B_Inv51327_ 58.jpg,/var/www/html/marta/file/foto/TA16M325_329472_B_Inv51327_58.jpg
/var/www/html/marta/file/foto/TA16M325_329422_A_Inv51327_ 8.jpg,/var/www/html/marta/file/foto/TA16M325_329422_A_Inv51327_8.jpg
/var/www/html/marta/file/foto/TA16M325_329462_A_Inv51327_ 48.JPG,/var/www/html/marta/file/foto/TA16M325_329462_A_Inv51327_48.JPG
/var/www/html/marta/file/foto/TA16M325_329434_B_Inv51327_ 20.jpg,/var/www/html/marta/file/foto/TA16M325_329434_B_Inv51327_20.jpg
/var/www/html/marta/file/foto/TA16M325_329423_B_Inv51327_ 9.jpg,/var/www/html/marta/file/foto/TA16M325_329423_B_Inv51327_9.jpg
/var/www/html/marta/file/foto/TA16M325_328667_B_Inv50709A_ 55.jpg,/var/www/html/marta/file/foto/TA16M325_328667_B_Inv50709A_55.jpg
/var/www/html/marta/file/foto/TA16M325_328705_A_Inv50710D_ 17.jpg,/var/www/html/marta/file/foto/TA16M325_328705_A_Inv50710D_17.jpg
/var/www/html/marta/file/foto/TA16M325_329437_A_Inv51327_ 23.JPG,/var/www/html/marta/file/foto/TA16M325_329437_A_Inv51327_23.JPG
/var/www/html/marta/file/foto/TA16M325_328864_A_Inv50869A_ 9.jpg,/var/www/html/marta/file/foto/TA16M325_328864_A_Inv50869A_9.jpg
/var/www/html/marta/file/foto/TA16M325_328642_A_Inv50709A_ 30.jpg,/var/www/html/marta/file/foto/TA16M325_328642_A_Inv50709A_30.jpg
/var/www/html/marta/file/foto/TA16M325_329439_A_Inv51327_ 25.JPG,/var/www/html/marta/file/foto/TA16M325_329439_A_Inv51327_25.JPG
/var/www/html/marta/file/foto/TA16M325_328877_B_Inv51961_ 3.jpg,/var/www/html/marta/file/foto/TA16M325_328877_B_Inv51961_3.jpg
/var/www/html/marta/file/foto/TA16M325_325480_A_Inv32153 3.jpg,/var/www/html/marta/file/foto/TA16M325_325480_A_Inv32153_3.jpg
/var/www/html/marta/file/foto/TA16M325_328696_A_Inv50710D_ 8.jpg,/var/www/html/marta/file/foto/TA16M325_328696_A_Inv50710D_8.jpg
/var/www/html/marta/file/foto/TA16M325_328707_A_Inv50710D_ 19.jpg,/var/www/html/marta/file/foto/TA16M325_328707_A_Inv50710D_19.jpg
/var/www/html/marta/file/foto/TA16M325_329436_A_Inv51327_ 22.JPG,/var/www/html/marta/file/foto/TA16M325_329436_A_Inv51327_22.JPG
/var/www/html/marta/file/foto/TA16M325_349167_C_InvSN busto.jpg,/var/www/html/marta/file/foto/TA16M325_349167_C_InvSN_busto.jpg
/var/www/html/marta/file/foto/TA16M325_328714_B_Inv50710D_ 26.jpg,/var/www/html/marta/file/foto/TA16M325_328714_B_Inv50710D_26.jpg
/var/www/html/marta/file/foto/TA16M325_328691_A_Inv50710D_ 3.jpg,/var/www/html/marta/file/foto/TA16M325_328691_A_Inv50710D_3.jpg
/var/www/html/marta/file/foto/TA16M325_320769_B_moneta_ eccedente.jpg,/var/www/html/marta/file/foto/TA16M325_320769_B_moneta_eccedente.jpg
/var/www/html/marta/file/foto/TA16M325_329470_B_Inv51327_ 56.JPG,/var/www/html/marta/file/foto/TA16M325_329470_B_Inv51327_56.JPG
/var/www/html/marta/file/foto/TA16M325_328669_A_Inv50709 _57.jpg,/var/www/html/marta/file/foto/TA16M325_328669_A_Inv50709_57.jpg
/var/www/html/marta/file/foto/TA16M325_328633_B_Inv50709A_ 21.jpg,/var/www/html/marta/file/foto/TA16M325_328633_B_Inv50709A_21.jpg
/var/www/html/marta/file/foto/TA16M325_328686_A_Inv50710A_ 3.jpg,/var/www/html/marta/file/foto/TA16M325_328686_A_Inv50710A_3.jpg
/var/www/html/marta/file/foto/TA16M325_329417_B_Inv51327_ 3.JPG,/var/www/html/marta/file/foto/TA16M325_329417_B_Inv51327_3.JPG
/var/www/html/marta/file/foto/TA16M325_329442_A_Inv51327_ 28.jpg,/var/www/html/marta/file/foto/TA16M325_329442_A_Inv51327_28.jpg
/var/www/html/marta/file/foto/TA16M325_328643_B_Inv50709A_ 31.jpg,/var/www/html/marta/file/foto/TA16M325_328643_B_Inv50709A_31.jpg
/var/www/html/marta/file/foto/TA16M325_329471_B_Inv51327_ 57.jpg,/var/www/html/marta/file/foto/TA16M325_329471_B_Inv51327_57.jpg
/var/www/html/marta/file/foto/TA16M325_329467_B_Inv51327_ 53.jpg,/var/www/html/marta/file/foto/TA16M325_329467_B_Inv51327_53.jpg
/var/www/html/marta/file/foto/TA16M325_329417_B_Inv51327_ 3.jpg,/var/www/html/marta/file/foto/TA16M325_329417_B_Inv51327_3.jpg
/var/www/html/marta/file/foto/TA16M325_328877_A_Inv51961_ 3.jpg,/var/www/html/marta/file/foto/TA16M325_328877_A_Inv51961_3.jpg
/var/www/html/marta/file/foto/TA16M325_329454_A_Inv51327_ 40.jpg,/var/www/html/marta/file/foto/TA16M325_329454_A_Inv51327_40.jpg
/var/www/html/marta/file/foto/TA16M325_328641_B_Inv50709A_ 29.jpg,/var/www/html/marta/file/foto/TA16M325_328641_B_Inv50709A_29.jpg
/var/www/html/marta/file/foto/TA16M325_359969_A_InvSN15_09 copia.jpg,/var/www/html/marta/file/foto/TA16M325_359969_A_InvSN15_09_copia.jpg
/var/www/html/marta/file/foto/TA16M325_334288_B_ Inv113768.jpg,/var/www/html/marta/file/foto/TA16M325_334288_B_Inv113768.jpg
/var/www/html/marta/file/foto/TA16M325_328680_B_Inv50709B_ 2.jpg,/var/www/html/marta/file/foto/TA16M325_328680_B_Inv50709B_2.jpg
/var/www/html/marta/file/foto/TA16M325_328662_B_Inv50709A_ 50.jpg,/var/www/html/marta/file/foto/TA16M325_328662_B_Inv50709A_50.jpg
/var/www/html/marta/file/foto/TA16M325_328675_B_Inv50709A_ 63.jpg,/var/www/html/marta/file/foto/TA16M325_328675_B_Inv50709A_63.jpg
/var/www/html/marta/file/foto/TA16M325_329469_A_Inv51327_ 55.jpg,/var/www/html/marta/file/foto/TA16M325_329469_A_Inv51327_55.jpg
/var/www/html/marta/file/foto/TA16M325_330833_A_Inv27726 .jpg,/var/www/html/marta/file/foto/TA16M325_330833_A_Inv27726_.jpg
/var/www/html/marta/file/foto/TA16M325_328640_A_Inv50709A_ 28.jpg,/var/www/html/marta/file/foto/TA16M325_328640_A_Inv50709A_28.jpg
/var/www/html/marta/file/foto/TA16M325_349082_B_SN_1 ANGOLO SUD EST.jpg,/var/www/html/marta/file/foto/TA16M325_349082_B_SN_1_ANGOLO_SUD_EST.jpg
/var/www/html/marta/file/foto/TA16M325_329450_B_Inv51327_ 36.jpg,/var/www/html/marta/file/foto/TA16M325_329450_B_Inv51327_36.jpg
/var/www/html/marta/file/foto/TA16M325_328628_B_Inv50709A_ 16.jpg,/var/www/html/marta/file/foto/TA16M325_328628_B_Inv50709A_16.jpg
/var/www/html/marta/file/foto/TA16M325_328720_B_Inv50710D_ 32.jpg,/var/www/html/marta/file/foto/TA16M325_328720_B_Inv50710D_32.jpg
/var/www/html/marta/file/foto/TA16M325_328548_A_Inv50676A 1.jpg,/var/www/html/marta/file/foto/TA16M325_328548_A_Inv50676A_1.jpg
/var/www/html/marta/file/foto/TA16M325_328639_A_Inv50709A_ 27.jpg,/var/www/html/marta/file/foto/TA16M325_328639_A_Inv50709A_27.jpg
/var/www/html/marta/file/foto/TA16M325_329440_A_Inv51327_ 26.JPG,/var/www/html/marta/file/foto/TA16M325_329440_A_Inv51327_26.JPG
/var/www/html/marta/file/foto/TA16M325_329471_B_Inv51327_ 57.JPG,/var/www/html/marta/file/foto/TA16M325_329471_B_Inv51327_57.JPG
/var/www/html/marta/file/foto/TA16M325_328539_A_Inv50674A_ 3.jpg,/var/www/html/marta/file/foto/TA16M325_328539_A_Inv50674A_3.jpg
/var/www/html/marta/file/foto/TA16M325_328649_B_Inv50709A_ 37.jpg,/var/www/html/marta/file/foto/TA16M325_328649_B_Inv50709A_37.jpg
/var/www/html/marta/file/foto/TA16M325_325985_A_Inv40648 2.jpg,/var/www/html/marta/file/foto/TA16M325_325985_A_Inv40648_2.jpg
/var/www/html/marta/file/foto/TA16M325_329429_A_Inv51327_ 15.jpg,/var/www/html/marta/file/foto/TA16M325_329429_A_Inv51327_15.jpg
/var/www/html/marta/file/foto/TA16M325_359975_B_InvSN15_15 copia.jpg,/var/www/html/marta/file/foto/TA16M325_359975_B_InvSN15_15_copia.jpg
/var/www/html/marta/file/foto/TA16M325_328625_B_Inv50709A_ 13.jpg,/var/www/html/marta/file/foto/TA16M325_328625_B_Inv50709A_13.jpg
/var/www/html/marta/file/foto/TA16M325_328670_B_Inv50709A_ 58.jpg,/var/www/html/marta/file/foto/TA16M325_328670_B_Inv50709A_58.jpg
/var/www/html/marta/file/foto/TA16M325_328703_A_Inv50710D_ 15.jpg,/var/www/html/marta/file/foto/TA16M325_328703_A_Inv50710D_15.jpg
/var/www/html/marta/file/foto/TA16M325_328710_B_Inv50710D_ 22.jpg,/var/www/html/marta/file/foto/TA16M325_328710_B_Inv50710D_22.jpg
/var/www/html/marta/file/foto/TA16M325_329430_A_Inv51327_ 16.jpg,/var/www/html/marta/file/foto/TA16M325_329430_A_Inv51327_16.jpg
/var/www/html/marta/file/foto/TA16M325_329468_B_Inv51327_ 54.jpg,/var/www/html/marta/file/foto/TA16M325_329468_B_Inv51327_54.jpg
/var/www/html/marta/file/foto/TA16M325_328709_B_Inv50710D_ 21.jpg,/var/www/html/marta/file/foto/TA16M325_328709_B_Inv50710D_21.jpg
/var/www/html/marta/file/foto/TA16M325_349168_A_Inv 34773 provvisoria.jpg,/var/www/html/marta/file/foto/TA16M325_349168_A_Inv_34773_provvisoria.jpg
/var/www/html/marta/file/foto/TA16M325_328631_B_Inv50709A_ 19.jpg,/var/www/html/marta/file/foto/TA16M325_328631_B_Inv50709A_19.jpg
/var/www/html/marta/file/foto/TA16M325_334314_Inv34773 PROVVISORIA.jpg,/var/www/html/marta/file/foto/TA16M325_334314_Inv34773_PROVVISORIA.jpg
/var/www/html/marta/file/foto/TA16M325_329429_A_Inv51327_ 15.JPG,/var/www/html/marta/file/foto/TA16M325_329429_A_Inv51327_15.JPG
/var/www/html/marta/file/foto/TA16M325_328682_A_Inv50709B_ 4.jpg,/var/www/html/marta/file/foto/TA16M325_328682_A_Inv50709B_4.jpg
/var/www/html/marta/file/foto/TA16M325_326240_B_Inv42071 2.jpg,/var/www/html/marta/file/foto/TA16M325_326240_B_Inv42071_2.jpg
/var/www/html/marta/file/foto/TA16M325_329438_A_Inv51327_ 24.JPG,/var/www/html/marta/file/foto/TA16M325_329438_A_Inv51327_24.JPG
/var/www/html/marta/file/foto/TA16M325_328701_A_Inv50710D_ 13.jpg,/var/www/html/marta/file/foto/TA16M325_328701_A_Inv50710D_13.jpg
/var/www/html/marta/file/foto/TA16M325_329430_B_Inv51327_ 16.JPG,/var/www/html/marta/file/foto/TA16M325_329430_B_Inv51327_16.JPG
/var/www/html/marta/file/foto/TA16M325_328623_A_Inv50709A_ 11.jpg,/var/www/html/marta/file/foto/TA16M325_328623_A_Inv50709A_11.jpg
/var/www/html/marta/file/foto/TA16M325_329470_B_Inv51327_ 56.jpg,/var/www/html/marta/file/foto/TA16M325_329470_B_Inv51327_56.jpg
/var/www/html/marta/file/foto/TA16M325_328659_A_Inv50709A_ 47.jpg,/var/www/html/marta/file/foto/TA16M325_328659_A_Inv50709A_47.jpg
/var/www/html/marta/file/foto/TA16M325_328672_A_Inv50709 _60.jpg,/var/www/html/marta/file/foto/TA16M325_328672_A_Inv50709_60.jpg
/var/www/html/marta/file/foto/TA16M325_329108_B_Inv50618_ 8.jpg,/var/www/html/marta/file/foto/TA16M325_329108_B_Inv50618_8.jpg
/var/www/html/marta/file/foto/TA16M325_328706_B_Inv50710D_ 18.jpg,/var/www/html/marta/file/foto/TA16M325_328706_B_Inv50710D_18.jpg
/var/www/html/marta/file/foto/TA16M325_328857_B_Inv50869A_ 2.jpg,/var/www/html/marta/file/foto/TA16M325_328857_B_Inv50869A_2.jpg
/var/www/html/marta/file/foto/TA16M325_329455_B_Inv51327_ 41.JPG,/var/www/html/marta/file/foto/TA16M325_329455_B_Inv51327_41.JPG
/var/www/html/marta/file/foto/TA16M325_334283_A_Inv20929 cimasa c provvisoria.jpg,/var/www/html/marta/file/foto/TA16M325_334283_A_Inv20929_cimasa_c_provvisoria.jpg
/var/www/html/marta/file/foto/TA16M325_329420_B_Inv51327_ 6.jpg,/var/www/html/marta/file/foto/TA16M325_329420_B_Inv51327_6.jpg
/var/www/html/marta/file/foto/TA16M325_325381_B_Inv32251 2.jpg,/var/www/html/marta/file/foto/TA16M325_325381_B_Inv32251_2.jpg
/var/www/html/marta/file/foto/TA16M325_328703_B_Inv50710D_ 15.jpg,/var/www/html/marta/file/foto/TA16M325_328703_B_Inv50710D_15.jpg
/var/www/html/marta/file/foto/TA16M325_329424_B_Inv51327_ 10.jpg,/var/www/html/marta/file/foto/TA16M325_329424_B_Inv51327_10.jpg
/var/www/html/marta/file/foto/TA16M325_329452_B_Inv51327_ 38.jpg,/var/www/html/marta/file/foto/TA16M325_329452_B_Inv51327_38.jpg
/var/www/html/marta/file/foto/TA16M325_325481_A_Inv32153 4.jpg,/var/www/html/marta/file/foto/TA16M325_325481_A_Inv32153_4.jpg
/var/www/html/marta/file/foto/TA16M325_328719_B_Inv50710D_ 31.jpg,/var/www/html/marta/file/foto/TA16M325_328719_B_Inv50710D_31.jpg
/var/www/html/marta/file/foto/TA16M325_328628_A_Inv50709A_ 16.jpg,/var/www/html/marta/file/foto/TA16M325_328628_A_Inv50709A_16.jpg
/var/www/html/marta/file/foto/TA16M325_349082_D_InvSN_1 ANGOLO SUD EST.jpg,/var/www/html/marta/file/foto/TA16M325_349082_D_InvSN_1_ANGOLO_SUD_EST.jpg
/var/www/html/marta/file/foto/TA16M325_334287_A_ Inv6214.jpg,/var/www/html/marta/file/foto/TA16M325_334287_A_Inv6214.jpg
/var/www/html/marta/file/foto/TA16M325_328704_A_Inv50710D_ 16.jpg,/var/www/html/marta/file/foto/TA16M325_328704_A_Inv50710D_16.jpg
/var/www/html/marta/file/foto/TA16M325_329466_A_Inv51327_ 52.JPG,/var/www/html/marta/file/foto/TA16M325_329466_A_Inv51327_52.JPG
/var/www/html/marta/file/foto/TA16M325_329435_B_Inv51327_ 21.jpg,/var/www/html/marta/file/foto/TA16M325_329435_B_Inv51327_21.jpg
/var/www/html/marta/file/foto/TA16M325_328677_B_Inv50709A_ 65.jpg,/var/www/html/marta/file/foto/TA16M325_328677_B_Inv50709A_65.jpg
/var/www/html/marta/file/foto/TA16M325_328539_B_Inv50674A_ 3.jpg,/var/www/html/marta/file/foto/TA16M325_328539_B_Inv50674A_3.jpg
/var/www/html/marta/file/foto/TA16M325_329431_B_Inv51327_ 17.JPG,/var/www/html/marta/file/foto/TA16M325_329431_B_Inv51327_17.JPG
/var/www/html/marta/file/foto/TA16M325_329433_A_Inv51327_ 19.jpg,/var/www/html/marta/file/foto/TA16M325_329433_A_Inv51327_19.jpg
/var/www/html/marta/file/foto/TA16M325_329461_B_Inv51327_ 47.JPG,/var/www/html/marta/file/foto/TA16M325_329461_B_Inv51327_47.JPG
/var/www/html/marta/file/foto/TA16M325_329462_B_Inv51327_ 48.JPG,/var/www/html/marta/file/foto/TA16M325_329462_B_Inv51327_48.JPG
/var/www/html/marta/file/foto/TA16M325_328858_B_Inv50869A_ 3.jpg,/var/www/html/marta/file/foto/TA16M325_328858_B_Inv50869A_3.jpg
/var/www/html/marta/file/foto/TA16M325_349080_C_ Inv33598.jpg,/var/www/html/marta/file/foto/TA16M325_349080_C_Inv33598.jpg
/var/www/html/marta/file/foto/TA16M325_328711_B_Inv50710D_ 23.jpg,/var/www/html/marta/file/foto/TA16M325_328711_B_Inv50710D_23.jpg
/var/www/html/marta/file/foto/TA16M325_328538_B_Inv50674A_ 2.jpg,/var/www/html/marta/file/foto/TA16M325_328538_B_Inv50674A_2.jpg
/var/www/html/marta/file/foto/TA16M325_328679_A_Inv50709B_ 1.jpg,/var/www/html/marta/file/foto/TA16M325_328679_A_Inv50709B_1.jpg
/var/www/html/marta/file/foto/TA16M325_329438_B_Inv51327_ 24.JPG,/var/www/html/marta/file/foto/TA16M325_329438_B_Inv51327_24.JPG
/var/www/html/marta/file/foto/TA16M325_329417_A_Inv51327_ 3.jpg,/var/www/html/marta/file/foto/TA16M325_329417_A_Inv51327_3.jpg
/var/www/html/marta/file/foto/TA16M325_329439_B_Inv51327_ 25.JPG,/var/www/html/marta/file/foto/TA16M325_329439_B_Inv51327_25.JPG
/var/www/html/marta/file/foto/TA16M325_329464_A_Inv51327_ 50.JPG,/var/www/html/marta/file/foto/TA16M325_329464_A_Inv51327_50.JPG
/var/www/html/marta/file/foto/TA16M325_328682_B_Inv50709B_ 4.jpg,/var/www/html/marta/file/foto/TA16M325_328682_B_Inv50709B_4.jpg
/var/www/html/marta/file/foto/TA16M325_329451_A_Inv51327_ 37.JPG,/var/www/html/marta/file/foto/TA16M325_329451_A_Inv51327_37.JPG
/var/www/html/marta/file/foto/TA16M325_349167_D_InvSN busto.jpg,/var/www/html/marta/file/foto/TA16M325_349167_D_InvSN_busto.jpg
/var/www/html/marta/file/foto/TA16M325_329437_B_Inv51327_ 23.jpg,/var/www/html/marta/file/foto/TA16M325_329437_B_Inv51327_23.jpg
/var/www/html/marta/file/foto/TA16M325_325984_A_Inv40648 1.jpg,/var/www/html/marta/file/foto/TA16M325_325984_A_Inv40648_1.jpg
/var/www/html/marta/file/foto/TA16M325_329436_A_Inv51327_ 22.jpg,/var/www/html/marta/file/foto/TA16M325_329436_A_Inv51327_22.jpg
/var/www/html/marta/file/foto/TA16M325_328542_B_Inv50674A_ 6.jpg,/var/www/html/marta/file/foto/TA16M325_328542_B_Inv50674A_6.jpg
/var/www/html/marta/file/foto/TA16M325_328630_B_Inv50709A_ 18.jpg,/var/www/html/marta/file/foto/TA16M325_328630_B_Inv50709A_18.jpg
/var/www/html/marta/file/foto/TA16M325_328744_B_Inv50765E_ 2.jpg,/var/www/html/marta/file/foto/TA16M325_328744_B_Inv50765E_2.jpg
/var/www/html/marta/file/foto/TA16M325_328745_B_Inv50765E_ 3.jpg,/var/www/html/marta/file/foto/TA16M325_328745_B_Inv50765E_3.jpg
/var/www/html/marta/file/foto/TA16M325_328766_A_Inv50773A_ 1.jpg,/var/www/html/marta/file/foto/TA16M325_328766_A_Inv50773A_1.jpg
/var/www/html/marta/file/foto/TA16M325_328630_A_Inv50709A_ 18.jpg,/var/www/html/marta/file/foto/TA16M325_328630_A_Inv50709A_18.jpg
/var/www/html/marta/file/foto/TA16M325_359972_B_InvSN15_12 copia.jpg,/var/www/html/marta/file/foto/TA16M325_359972_B_InvSN15_12_copia.jpg
/var/www/html/marta/file/foto/TA16M325_328689_B_Inv50710D_ 1.jpg,/var/www/html/marta/file/foto/TA16M325_328689_B_Inv50710D_1.jpg
/var/www/html/marta/file/foto/TA16M325_329451_B_Inv51327_ 37.jpg,/var/www/html/marta/file/foto/TA16M325_329451_B_Inv51327_37.jpg
/var/www/html/marta/file/foto/TA16M325_329461_B_Inv51327_ 47.jpg,/var/www/html/marta/file/foto/TA16M325_329461_B_Inv51327_47.jpg
/var/www/html/marta/file/foto/TA16M325_328670_A_Inv50709A_ 58.jpg,/var/www/html/marta/file/foto/TA16M325_328670_A_Inv50709A_58.jpg
/var/www/html/marta/file/foto/TA16M325_328699_A_Inv50710D_ 11.jpg,/var/www/html/marta/file/foto/TA16M325_328699_A_Inv50710D_11.jpg
/var/www/html/marta/file/foto/TA16M325_329425_A_Inv51327_ 11.jpg,/var/www/html/marta/file/foto/TA16M325_329425_A_Inv51327_11.jpg
/var/www/html/marta/file/foto/TA16M325_328704_B_Inv50710D_ 16.jpg,/var/www/html/marta/file/foto/TA16M325_328704_B_Inv50710D_16.jpg
/var/www/html/marta/file/foto/TA16M325_329418_B_Inv51327_ 4.jpg,/var/www/html/marta/file/foto/TA16M325_329418_B_Inv51327_4.jpg
/var/www/html/marta/file/foto/TA16M325_328693_B_Inv50710D_ 5.jpg,/var/www/html/marta/file/foto/TA16M325_328693_B_Inv50710D_5.jpg
/var/www/html/marta/file/foto/TA16M325_329450_B_Inv51327_ 36.JPG,/var/www/html/marta/file/foto/TA16M325_329450_B_Inv51327_36.JPG
/var/www/html/marta/file/foto/TA16M325_328689_A_Inv50710D_ 1.jpg,/var/www/html/marta/file/foto/TA16M325_328689_A_Inv50710D_1.jpg
/var/www/html/marta/file/foto/TA16M325_328698_B_Inv50710D_ 10.jpg,/var/www/html/marta/file/foto/TA16M325_328698_B_Inv50710D_10.jpg
/var/www/html/marta/file/foto/TA16M325_328711_A_Inv50710D_ 23.jpg,/var/www/html/marta/file/foto/TA16M325_328711_A_Inv50710D_23.jpg
/var/www/html/marta/file/foto/TA16M325_349082_B_InvSN_1 ANGOLO SUD EST.jpg,/var/www/html/marta/file/foto/TA16M325_349082_B_InvSN_1_ANGOLO_SUD_EST.jpg
/var/www/html/marta/file/foto/TA16M325_329446_B_Inv51327_ 32.jpg,/var/www/html/marta/file/foto/TA16M325_329446_B_Inv51327_32.jpg
/var/www/html/marta/file/foto/TA16M325_329469_A_Inv51327_ 55.JPG,/var/www/html/marta/file/foto/TA16M325_329469_A_Inv51327_55.JPG
/var/www/html/marta/file/foto/TA16M325_328549_A_Inv50676A 2_.jpg,/var/www/html/marta/file/foto/TA16M325_328549_A_Inv50676A_2_.jpg
/var/www/html/marta/file/foto/TA16M325_327857_B_Inv51547 _.jpg,/var/www/html/marta/file/foto/TA16M325_327857_B_Inv51547_.jpg
/var/www/html/marta/file/foto/TA16M325_328622_B_Inv50709A_ 10.jpg,/var/www/html/marta/file/foto/TA16M325_328622_B_Inv50709A_10.jpg
/var/www/html/marta/file/foto/TA16M325_329433_A_Inv51327_ 19.JPG,/var/www/html/marta/file/foto/TA16M325_329433_A_Inv51327_19.JPG
/var/www/html/marta/file/foto/TA16M325_321229_A_bronzo imperiale.jpg,/var/www/html/marta/file/foto/TA16M325_321229_A_bronzo_imperiale.jpg
/var/www/html/marta/file/foto/TA16M325_329422_B_Inv51327_ 8.jpg,/var/www/html/marta/file/foto/TA16M325_329422_B_Inv51327_8.jpg
/var/www/html/marta/file/foto/TA16M325_328712_A_Inv50710D_ 24.jpg,/var/www/html/marta/file/foto/TA16M325_328712_A_Inv50710D_24.jpg
/var/www/html/marta/file/foto/TA16M325_328646_A_Inv50709A_ 34.jpg,/var/www/html/marta/file/foto/TA16M325_328646_A_Inv50709A_34.jpg
/var/www/html/marta/file/foto/TA16M325_329456_B_Inv51327_ 42.JPG,/var/www/html/marta/file/foto/TA16M325_329456_B_Inv51327_42.JPG
/var/www/html/marta/file/foto/TA16M325_328697_A_Inv50710D_ 9.jpg,/var/www/html/marta/file/foto/TA16M325_328697_A_Inv50710D_9.jpg
/var/www/html/marta/file/foto/TA16M325_334294_B_ Inv113839.jpg,/var/www/html/marta/file/foto/TA16M325_334294_B_Inv113839.jpg
/var/www/html/marta/file/foto/TA16M325_328695_A_Inv50710D_ 7.jpg,/var/www/html/marta/file/foto/TA16M325_328695_A_Inv50710D_7.jpg
/var/www/html/marta/file/foto/TA16M325_328715_B_Inv50710D_ 27.jpg,/var/www/html/marta/file/foto/TA16M325_328715_B_Inv50710D_27.jpg
/var/www/html/marta/file/foto/TA16M325_328645_B_Inv50709A_ 33.jpg,/var/www/html/marta/file/foto/TA16M325_328645_B_Inv50709A_33.jpg
/var/www/html/marta/file/foto/TA16M325_329451_A_Inv51327_ 37.jpg,/var/www/html/marta/file/foto/TA16M325_329451_A_Inv51327_37.jpg
/var/www/html/marta/file/foto/TA16M325_328543_A_Inv50674A_ 7.jpg,/var/www/html/marta/file/foto/TA16M325_328543_A_Inv50674A_7.jpg
/var/www/html/marta/file/foto/TA16M325_328692_A_Inv50710D_ 4.jpg,/var/www/html/marta/file/foto/TA16M325_328692_A_Inv50710D_4.jpg
/var/www/html/marta/file/foto/TA16M325_359948_A_InvSN22_10 copia.jpg,/var/www/html/marta/file/foto/TA16M325_359948_A_InvSN22_10_copia.jpg
/var/www/html/marta/file/foto/TA16M325_334290_B_ Inv113835.jpg,/var/www/html/marta/file/foto/TA16M325_334290_B_Inv113835.jpg
/var/www/html/marta/file/foto/TA16M325_329101_B_Inv50618_ 1.jpg,/var/www/html/marta/file/foto/TA16M325_329101_B_Inv50618_1.jpg
/var/www/html/marta/file/foto/TA16M325_329462_B_Inv51327_ 48.jpg,/var/www/html/marta/file/foto/TA16M325_329462_B_Inv51327_48.jpg
/var/www/html/marta/file/foto/TA16M325_359948_B_InvSN22_10 copia.jpg,/var/www/html/marta/file/foto/TA16M325_359948_B_InvSN22_10_copia.jpg
/var/www/html/marta/file/foto/TA16M325_334298_A_ Inv113845.jpg,/var/www/html/marta/file/foto/TA16M325_334298_A_Inv113845.jpg
/var/www/html/marta/file/foto/TA16M325_329427_B_Inv51327_ 13.jpg,/var/www/html/marta/file/foto/TA16M325_329427_B_Inv51327_13.jpg
/var/www/html/marta/file/foto/TA16M325_328658_A_Inv50709A_ 46.jpg,/var/www/html/marta/file/foto/TA16M325_328658_A_Inv50709A_46.jpg
/var/www/html/marta/file/foto/TA16M325_328666_B_Inv50709A_ 54.jpg,/var/www/html/marta/file/foto/TA16M325_328666_B_Inv50709A_54.jpg
/var/www/html/marta/file/foto/TA16M325_329470_A_Inv51327_ 56.jpg,/var/www/html/marta/file/foto/TA16M325_329470_A_Inv51327_56.jpg
/var/www/html/marta/file/foto/TA16M325_325815_A_Inv40035a 3.jpg,/var/www/html/marta/file/foto/TA16M325_325815_A_Inv40035a_3.jpg
/var/www/html/marta/file/foto/TA16M325_359977_B_InvSN15_17 copia.jpg,/var/www/html/marta/file/foto/TA16M325_359977_B_InvSN15_17_copia.jpg
/var/www/html/marta/file/foto/TA16M325_329446_A_Inv51327_ 32.JPG,/var/www/html/marta/file/foto/TA16M325_329446_A_Inv51327_32.JPG
/var/www/html/marta/file/foto/TA16M325_329437_A_Inv51327_ 23.jpg,/var/www/html/marta/file/foto/TA16M325_329437_A_Inv51327_23.jpg
/var/www/html/marta/file/foto/TA16M325_329466_B_Inv51327_ 52.JPG,/var/www/html/marta/file/foto/TA16M325_329466_B_Inv51327_52.JPG
/var/www/html/marta/file/foto/TA16M325_328621_A_Inv50709A_ 9.jpg,/var/www/html/marta/file/foto/TA16M325_328621_A_Inv50709A_9.jpg
/var/www/html/marta/file/foto/TA16M325_329462_A_Inv51327_ 48.jpg,/var/www/html/marta/file/foto/TA16M325_329462_A_Inv51327_48.jpg
/var/www/html/marta/file/foto/TA16M325_325478_A_Inv32153 1.jpg,/var/www/html/marta/file/foto/TA16M325_325478_A_Inv32153_1.jpg
/var/www/html/marta/file/foto/TA16M325_321229_B_bronzo imperiale.jpg,/var/www/html/marta/file/foto/TA16M325_321229_B_bronzo_imperiale.jpg
/var/www/html/marta/file/foto/TA16M325_329419_A_Inv51327_ 5.jpg,/var/www/html/marta/file/foto/TA16M325_329419_A_Inv51327_5.jpg
/var/www/html/marta/file/foto/TA16M325_328861_B_Inv50869A_ 6.jpg,/var/www/html/marta/file/foto/TA16M325_328861_B_Inv50869A_6.jpg
/var/www/html/marta/file/foto/TA16M325_328674_A_Inv50709A_ 62.jpg,/var/www/html/marta/file/foto/TA16M325_328674_A_Inv50709A_62.jpg
/var/www/html/marta/file/foto/TA16M325_334292_B_ Inv113837.jpg,/var/www/html/marta/file/foto/TA16M325_334292_B_Inv113837.jpg
/var/www/html/marta/file/foto/TA16M325_329107_B_Inv50618_ 7.jpg,/var/www/html/marta/file/foto/TA16M325_329107_B_Inv50618_7.jpg
/var/www/html/marta/file/foto/TA16M325_329453_A_Inv51327_ 39.jpg,/var/www/html/marta/file/foto/TA16M325_329453_A_Inv51327_39.jpg
/var/www/html/marta/file/foto/TA16M325_334294_A_ Inv113839.jpg,/var/www/html/marta/file/foto/TA16M325_334294_A_Inv113839.jpg
/var/www/html/marta/file/foto/TA16M325_329442_B_Inv51327_ 28.JPG,/var/www/html/marta/file/foto/TA16M325_329442_B_Inv51327_28.JPG
/var/www/html/marta/file/foto/TA16M325_329416_A_Inv51327_ 2.JPG,/var/www/html/marta/file/foto/TA16M325_329416_A_Inv51327_2.JPG
/var/www/html/marta/file/foto/TA16M325_329449_B_Inv51327_ 35.jpg,/var/www/html/marta/file/foto/TA16M325_329449_B_Inv51327_35.jpg
/var/www/html/marta/file/foto/TA16M325_334283_A_Inv20929 cimasa b provvisoria.jpg,/var/www/html/marta/file/foto/TA16M325_334283_A_Inv20929_cimasa_b_provvisoria.jpg
/var/www/html/marta/file/foto/TA16M325_328743_A_Inv50765E_ 1.jpg,/var/www/html/marta/file/foto/TA16M325_328743_A_Inv50765E_1.jpg
/var/www/html/marta/file/foto/TA16M325_349167_B_InvSN busto.jpg,/var/www/html/marta/file/foto/TA16M325_349167_B_InvSN_busto.jpg
/var/www/html/marta/file/foto/TA16M325_328698_A_Inv50710D_ 10.jpg,/var/www/html/marta/file/foto/TA16M325_328698_A_Inv50710D_10.jpg
/var/www/html/marta/file/foto/TA16M325_328548_B_Inv50676A 1.jpg,/var/www/html/marta/file/foto/TA16M325_328548_B_Inv50676A_1.jpg
/var/www/html/marta/file/foto/TA16M325_329472_A_Inv51327_ 58.JPG,/var/www/html/marta/file/foto/TA16M325_329472_A_Inv51327_58.JPG
/var/www/html/marta/file/foto/TA16M325_325815_B_Inv40035a 3.jpg,/var/www/html/marta/file/foto/TA16M325_325815_B_Inv40035a_3.jpg
/var/www/html/marta/file/foto/TA16M325_329434_A_Inv51327_ 20.jpg,/var/www/html/marta/file/foto/TA16M325_329434_A_Inv51327_20.jpg
/var/www/html/marta/file/foto/TA16M325_329465_B_Inv51327_ 51.JPG,/var/www/html/marta/file/foto/TA16M325_329465_B_Inv51327_51.JPG
/var/www/html/marta/file/foto/TA16M325_359976_B_InvSN15_16 copia.jpg,/var/www/html/marta/file/foto/TA16M325_359976_B_InvSN15_16_copia.jpg
/var/www/html/marta/file/foto/TA16M325_329471_A_Inv51327_ 57.jpg,/var/www/html/marta/file/foto/TA16M325_329471_A_Inv51327_57.jpg
/var/www/html/marta/file/foto/TA16M325_329455_A_Inv51327_ 41.JPG,/var/www/html/marta/file/foto/TA16M325_329455_A_Inv51327_41.JPG
/var/www/html/marta/file/foto/TA16M325_328702_A_Inv50710D_ 14.jpg,/var/www/html/marta/file/foto/TA16M325_328702_A_Inv50710D_14.jpg
/var/www/html/marta/file/foto/TA16M325_328700_B_Inv50710D_ 12.jpg,/var/www/html/marta/file/foto/TA16M325_328700_B_Inv50710D_12.jpg
/var/www/html/marta/file/foto/TA16M325_328691_B_Inv50710D_ 3.jpg,/var/www/html/marta/file/foto/TA16M325_328691_B_Inv50710D_3.jpg
/var/www/html/marta/file/foto/TA16M325_328856_A_Inv50869A_ 1.jpg,/var/www/html/marta/file/foto/TA16M325_328856_A_Inv50869A_1.jpg
/var/www/html/marta/file/foto/TA16M325_359954_B_InvSN22_16 copia.jpg,/var/www/html/marta/file/foto/TA16M325_359954_B_InvSN22_16_copia.jpg
/var/www/html/marta/file/foto/TA16M325_334291_A_ Inv113836.jpg,/var/www/html/marta/file/foto/TA16M325_334291_A_Inv113836.jpg
/var/www/html/marta/file/foto/TA16M325_328624_A_Inv50709A_ 12.jpg,/var/www/html/marta/file/foto/TA16M325_328624_A_Inv50709A_12.jpg
/var/www/html/marta/file/foto/TA16M325_328673_B_Inv50709A_ 61.jpg,/var/www/html/marta/file/foto/TA16M325_328673_B_Inv50709A_61.jpg
/var/www/html/marta/file/foto/TA16M325_328676_B_Inv50709A_ 64.jpg,/var/www/html/marta/file/foto/TA16M325_328676_B_Inv50709A_64.jpg
/var/www/html/marta/file/foto/TA16M325_329419_A_Inv51327_ 5.JPG,/var/www/html/marta/file/foto/TA16M325_329419_A_Inv51327_5.JPG
/var/www/html/marta/file/foto/TA16M325_329448_A_Inv51327_ 34.JPG,/var/www/html/marta/file/foto/TA16M325_329448_A_Inv51327_34.JPG
/var/www/html/marta/file/foto/TA16M325_329435_A_Inv51327_ 21.jpg,/var/www/html/marta/file/foto/TA16M325_329435_A_Inv51327_21.jpg
/var/www/html/marta/file/foto/TA16M325_329426_A_Inv51327_ 12.jpg,/var/www/html/marta/file/foto/TA16M325_329426_A_Inv51327_12.jpg
/var/www/html/marta/file/foto/TA16M325_328661_A_Inv50709A_ 49.jpg,/var/www/html/marta/file/foto/TA16M325_328661_A_Inv50709A_49.jpg
/var/www/html/marta/file/foto/TA16M325_328862_B_Inv50869A_ 7.jpg,/var/www/html/marta/file/foto/TA16M325_328862_B_Inv50869A_7.jpg
/var/www/html/marta/file/foto/TA16M325_328622_A_Inv50709A_ 10.jpg,/var/www/html/marta/file/foto/TA16M325_328622_A_Inv50709A_10.jpg
/var/www/html/marta/file/foto/TA16M325_328876_A_Inv51961_ 2.jpg,/var/www/html/marta/file/foto/TA16M325_328876_A_Inv51961_2.jpg
/var/www/html/marta/file/foto/TA16M325_329425_B_Inv51327_ 11.jpg,/var/www/html/marta/file/foto/TA16M325_329425_B_Inv51327_11.jpg
/var/www/html/marta/file/foto/TA16M325_329418_A_Inv51327_ 4.jpg,/var/www/html/marta/file/foto/TA16M325_329418_A_Inv51327_4.jpg
/var/www/html/marta/file/foto/TA16M325_329430_A_Inv51327_ 16.JPG,/var/www/html/marta/file/foto/TA16M325_329430_A_Inv51327_16.JPG
/var/www/html/marta/file/foto/TA16M325_328660_A_Inv50709A_ 48.jpg,/var/www/html/marta/file/foto/TA16M325_328660_A_Inv50709A_48.jpg
/var/www/html/marta/file/foto/TA16M325_329447_A_Inv51327_ 33.jpg,/var/www/html/marta/file/foto/TA16M325_329447_A_Inv51327_33.jpg
/var/www/html/marta/file/foto/TA16M325_329109_A_Inv50618_ 9.jpg,/var/www/html/marta/file/foto/TA16M325_329109_A_Inv50618_9.jpg
/var/www/html/marta/file/foto/TA16M325_329468_B_Inv51327_ 54.JPG,/var/www/html/marta/file/foto/TA16M325_329468_B_Inv51327_54.JPG
/var/www/html/marta/file/foto/TA16M325_329459_A_Inv51327_ 45.JPG,/var/www/html/marta/file/foto/TA16M325_329459_A_Inv51327_45.JPG
/var/www/html/marta/file/foto/TA16M325_349082_C_InvSN_1 ANGOLO SUD EST.jpg,/var/www/html/marta/file/foto/TA16M325_349082_C_InvSN_1_ANGOLO_SUD_EST.jpg
/var/www/html/marta/file/foto/TA16M325_328650_B_Inv50709A_ 38.jpg,/var/www/html/marta/file/foto/TA16M325_328650_B_Inv50709A_38.jpg
/var/www/html/marta/file/foto/TA16M325_328860_B_Inv50869A_ 5.jpg,/var/www/html/marta/file/foto/TA16M325_328860_B_Inv50869A_5.jpg
/var/www/html/marta/file/foto/TA16M325_329447_B_Inv51327_ 33.JPG,/var/www/html/marta/file/foto/TA16M325_329447_B_Inv51327_33.JPG
/var/www/html/marta/file/foto/TA16M325_328665_A_Inv50709A_ 53.jpg,/var/www/html/marta/file/foto/TA16M325_328665_A_Inv50709A_53.jpg
/var/www/html/marta/file/foto/TA16M325_329452_A_Inv51327_ 38.JPG,/var/www/html/marta/file/foto/TA16M325_329452_A_Inv51327_38.JPG
/var/www/html/marta/file/foto/TA16M325_334295_B_ Inv113840.jpg,/var/www/html/marta/file/foto/TA16M325_334295_B_Inv113840.jpg
/var/www/html/marta/file/foto/TA16M325_334010_B_Inv3907-3912, 51386.jpg,/var/www/html/marta/file/foto/TA16M325_334010_B_Inv3907-3912,_51386.jpg
/var/www/html/marta/file/foto/TA16M325_360035_B_Inv9876 copia.jpg,/var/www/html/marta/file/foto/TA16M325_360035_B_Inv9876_copia.jpg
/var/www/html/marta/file/foto/TA16M325_329443_B_Inv51327_ 29.jpg,/var/www/html/marta/file/foto/TA16M325_329443_B_Inv51327_29.jpg
/var/www/html/marta/file/foto/TA16M325_328620_B_Inv50709A_ 8.jpg,/var/www/html/marta/file/foto/TA16M325_328620_B_Inv50709A_8.jpg
/var/www/html/marta/file/foto/TA16M325_328651_A_Inv50709A_ 39.jpg,/var/www/html/marta/file/foto/TA16M325_328651_A_Inv50709A_39.jpg
/var/www/html/marta/file/foto/TA16M325_349088_A_InvSN_2 ANGOLO SUD OVEST.jpg,/var/www/html/marta/file/foto/TA16M325_349088_A_InvSN_2_ANGOLO_SUD_OVEST.jpg
/var/www/html/marta/file/foto/TA16M325_328708_A_Inv50710D_ 20.jpg,/var/www/html/marta/file/foto/TA16M325_328708_A_Inv50710D_20.jpg
/var/www/html/marta/file/foto/TA16M325_328648_B_Inv50709A_ 36.jpg,/var/www/html/marta/file/foto/TA16M325_328648_B_Inv50709A_36.jpg
/var/www/html/marta/file/foto/TA16M325_349080_A_ Inv33598.jpg,/var/www/html/marta/file/foto/TA16M325_349080_A_Inv33598.jpg
/var/www/html/marta/file/foto/TA16M325_325478_B_Inv32153 1.jpg,/var/www/html/marta/file/foto/TA16M325_325478_B_Inv32153_1.jpg
/var/www/html/marta/file/foto/TA16M325_325553_A_Inv29085 C.jpg,/var/www/html/marta/file/foto/TA16M325_325553_A_Inv29085_C.jpg
/var/www/html/marta/file/foto/TA16M325_328671_A_Inv50709A_ 59.jpg,/var/www/html/marta/file/foto/TA16M325_328671_A_Inv50709A_59.jpg
/var/www/html/marta/file/foto/TA16M325_328859_A_Inv50869A_ 4.jpg,/var/www/html/marta/file/foto/TA16M325_328859_A_Inv50869A_4.jpg
/var/www/html/marta/file/foto/TA16M325_329465_A_Inv51327_ 51.jpg,/var/www/html/marta/file/foto/TA16M325_329465_A_Inv51327_51.jpg
/var/www/html/marta/file/foto/TA16M325_328660_B_Inv50709A_ 48.jpg,/var/www/html/marta/file/foto/TA16M325_328660_B_Inv50709A_48.jpg
/var/www/html/marta/file/foto/TA16M325_349082_A_SN_1 ANGOLO SUD EST.jpg,/var/www/html/marta/file/foto/TA16M325_349082_A_SN_1_ANGOLO_SUD_EST.jpg
>>>>>>> 9c38de702546ad0b53645a6ae77e7beb4d5b87f7
